firstName, surname,institution,department,email,address,homepage,orcid,researchgate,linkedin,twitter,about
Nic, Timpson,UOB,,n.j.timpson@bristol.ac.uk,,,0000-0002-7141-9189,,,,
Anne-Mary, Nybo Andersen,UCPH,,amny@sund.ku.dk ,,,,,,,
Sylvain, Sebert,UOULU,,Sylvain.Sebert@oulu.fi ,,,0000-0001-6681-6983,,,,
Teija, Juola,UOULU,,Teija.Juola@oulu.fi ,,,,,,,
Vincent, Jaddoe,ERASMUS,,v.jaddoe@erasmusmc.nl ,,,0000-0003-2939-0041,,,,
Morris, Swertz,UMCG,GCC,m.a.swertz@rug.nl,,https://www.rug.nl/staff/m.a.swertz/,0000-0002-0979-3401,Morris-Swertz,swertz,mswertz,"Professor Big Data in biomedicine, Head of the Genomics Coordination Center and participant in WP7. Swertz developed from scratch into a team of 21 PhD students, postdocs and programmers developing pipelines, databases and services to unlock the full potential of next-generation biobanking, *omics, translational, personalized medicine and systems genetics data. During his PhD in bioinformatics (2008) he researched innovative and powerful methods for the efficient modeling, production, and evolution of flexible biological software infrastructures for post-genomic research data and analysis (NatRevGen, 2007). This resulted in MOLGENIS bioinformatics integration platform, which he released as open source (http://www.molgenis.org). Then he moved as postdoc to the UMCG genetics department to apply his expertise and developed many multidisciplinary collaborations on local, national and EU level using and evolving the MOLGENIS toolbox to advance GWAS, GWL, microarray, proteomics, metabolomics, biobank and animal experiments. All this international work resulted in an invited 2 year (Rubicon award) stay at the European Bioinformatics Institute (EBI). Now he is leading (inter)national activities in data curation, analysis and e-infrastructure for sequencing, biobanking, and diagnostics, including lead of BBMRI-NL IT/bioinformatics, co-lead of Health Data sector of Dutch Techcenter for Lifescience (host of ELIXIR-NL), member CTMM/TraIT architecture board (host of EATRISNL), board member of IT programme Netherlands University Medical Centers (NFU), project lead of BBMRINL Genome of the Netherlands, project lead of the VKGL national data sharing of NGS diagnostics and WP lead in EUBioMedBridges, EU-BioSHARE, and Top Institute Food & Nutrition"
Eleanor, Hyde,UMCG,GCC,,,,,,,,
Janine, Felix,,,,,,,,,,
Marc, Chadeau-Hyam,,,,,,,,,,
Jayne, Evans,,,,,,,,,,
Marjukka, Kolehmainen,,,,,,,,,,
Rikard, Landberg,,,,,,,,,,
Gabriella, Conti,,,,,,,,,,
Roel, Vermeulen,,,,,,,,,,
Inga, Prokopenko,,,,,,,,,,
Tessa, Roseboom,,,,,,,,,,
Stine Marie, Ulven,,,,,,,,,,
Nicholas, Timpson,,,,,,,,,,
Karim, Lekadir,,,,,,,,,,
Maria, Bulgheroni,,,,,,,,,,
Stefano, Parusso,,,,,,,,,,
Vincenzo, Atella,,,,,,,,,,
ALSPAC, General enquiries,UOB,,alspac-exec@bristol.ac.uk,,,,,,,
ALSPAC, Data enquiries,UOB,,alspac-data@bristol.ac.uk,,,,,,,
ALSPAC, Lab enquiries,UOB,,bbl-info@bristol.ac.uk,,,,,,,
BIB, team,BRI,,borninbradford@bthft.nhs.uk,"Born in Bradford Office
Bradford, Institute For Health Research
Bradford, Royal Infirmary
Duckworth, Lane
Brad,ford, BD9 6RJ",,,,,,
Eva, Corpeleijn,,,e.corpeleijn@umcg.nl,,,,,,,
Minna, Ruddock,,,NFBCprojectcenter@oulu.fi,,,,,,,
Per Minor, Magnus,,,PerMinor.Magnus@fhi.no,,,,,,,
Marie, Aline Charles,,,marie-aline.charles@inserm.fr,,,,,,,
Barbara, Heude,,,etude.eden@inserm.fr,,,,,,,
Debbie, Lawlor,,,D.A.Lawlor@bristol.ac.uk,,,,,,,
Inger, Kristine Meder,,,dnbc-research@ssi.dk,,,,,,,
Tuija, Mikkola,,,tuija.mikkola@folkhalsan.fi,,,,,,,
Lorenzo, Richiardi,,,lorenzo.richiardi@unito.it,,,,,,,
Hazel, Inskip,,,sws@mrc.soton.ac.uk,,,,,,,
Raine, admin,,,Raineadmin-sph@uwa.edu.au,,,,,,,
Marina, Vafeiadi,,,bafom@uoc.gr,,,,,,,
Berthold, Koletzko,,,office.koletzko@med.uni-muenchen.de,,,,,,,
Rosie, McEachan,,,rosie.mceachan@bthft.nhs.uk,,,,,,,
Mònica, Guxens,,,monica.guxens@isglobal.org,,,,,,,
