pid,name,models,type,homepage,institution,contact,cohorts,description,fundingStatement,publications
LifeCycle,EU Child Cohort Network,EUChildNetworkCDM,H2020 project,https://lifecycle-project.eu/,ERASMUS,Vincent Jaddoe,"ALSPAC,BIB,NFBC86","A Europe-wide network of cohort studies started in early life Cohort studies started from pregnancy or childhood give the unique opportunity to relate early-life stressors with variation in development, health and disease throughout the life course. Moreover, advanced analytical approaches used in observational studies can help identify causality and potential for early-life interventions on factors that cannot be easily studied in experimental settings. These factors include socioeconomic circumstances, migration, urban environment as well as lifestyle-related determinants and will be given particular focus in our project. We will set up a European pregnancy and childhood cohort, the EU Child Cohort Network, which brings together extensive existing data from more than 250,000 European children and their parents. These cohorts enable studies in multiple generations because of their detailed phenotyping of both parents and children. The network will bring together existing successful multidisciplinary cohort studies, which all started before or during pregnancy or in childhood. Together, they span the full life course and contain detailed phenotypical information as well as biological samples. The EU Child Cohort Network will optimize exploitation of more than 40 available cohort resources in Europe and will enable innovative research on identification of novel markers of early-life stressors related to health trajectories throughout the full life cycle. Although LifeCycle partners and their cohorts have taken the initiative for this unique collaboration, the network is open to other partners with population-based cohorts started in early life, specifically those from Eastern and Southern Europe. To ensure that this will be a Europe-wide, open and sustainable network, which exceeds the LifeCycle Project duration, we will introduce a data sharing platform taking account of ethical, legal and societal implications, we will organize yearly meetings open to all European pregnancy and child cohort researchers and we will start a fellowship programme for exchange between these European cohorts.",,
LongITools,LongITools health & environment dynamics,EUChildNetworkCDM,H2020 project,https://longitools.org/,UOULU,"Sylvain Sebert, Teija Juola","ALSPAC,Gen R","LongITools is a European research project studying the interactions between the environment, lifestyle and health in determining the risks of chronic cardiovascular and metabolic diseases.",This project has received funding from the European Union’s Horizon 2020 research and innovation programme under grant agreement No 874739.,
ATHLETE,Advancing Tools for Human Early Lifecourse Exposome Research and Translation,EUChildNetworkCDM,H2020 project,https://athleteproject.eu/,ISGLOBAL,,"ALSPAC,BIB",,,
EUCAN-connect,Federated FAIR platform enabling large-scale analysis of high-value cohort data connecting Europe and Canada in personalized health,EUChildNetworkCDM,H2020 project,http://eucanconnect.com/,UMCG,Morris Swertz,,,,
EHEN,European Human Exposome Network,EUChildNetworkCDM,,https://www.humanexposome.eu/,,,,,,
