Service type	Sample collection service	A service that collects biological material and associated data from donors or study participants according to defined quality, ethical and procedural requirements.	OBIB, ISO 20387	MIABIS-SERVICES-07
Service type	Sample reception service	A service that receives biological material and associated data and establishes custody within a biobank or research infrastructure.	OBIB, ISO 20388	MIABIS-SERVICES-07
Service type	Sample pre-analytical service	A service that preserves, stabilises, prepares or otherwise handles biological material prior to storage, analysis or distribution.	OBIB, ISO 20389	MIABIS-SERVICES-07
Service type	Sample storage service	A service that maintains biological material under specified environmental and organisational conditions for future use.	OBIB, ISO 20390	MIABIS-SERVICES-07
Service type	Sample provision service	A service that selects, prepares and provides biological material and associated data to authorised recipients or users.	OBIB, ISO 20391	MIABIS-SERVICES-07
Service type	Sample quality control and report	A service that assesses, documents and reports the quality characteristics of biological material and associated data according to defined quality requirements.	OBIB, ISO 20392	MIABIS-SERVICES-07
Service type	Sample transport service	A service that coordinates and performs the transport of biological material and associated data between locations under defined handling and environmental conditions.	OBIB, ISO 20393	MIABIS-SERVICES-07
Service type	Sample annotation service	A service that records, harmonises, curates and manages metadata associated with biological material and related research activities.	OBIB, ISO 20394	MIABIS-SERVICES-07
Service type	Sample data management service	A service that manages operational information of biospecimen-associated data, including sample tracking, inventory, and laboratory workflow information.	OBIB, ISO 20395	MIABIS-SERVICES-07
Service type	Histology preparation service	A service that prepares biological tissue specimens for microscopic or morphological examination.	OBI	MIABIS-SERVICES-07
Service type	Biomolecular extraction service	A service that isolates and prepares biomolecular components or analytes from biological material for downstream use or analysis.	OBI	MIABIS-SERVICES-07
Service type	Genomics service	A service that generates, analyses or interprets data related to genome structure, variation or function.	NCIT	MIABIS-SERVICES-07
Service type	Transcriptomics service	A service that generates, analyses or interprets data related to RNA expression, regulation or transcript composition.	NCIT	MIABIS-SERVICES-07
Service type	Proteomics service	A service that generates, analyses or interprets data related to protein composition, abundance, structure or function.	NCIT	MIABIS-SERVICES-07
Service type	Metabolomics service	A service that generates, analyses or interprets data related to metabolites and other small molecular compounds in biological systems.	NCIT	MIABIS-SERVICES-07
Service type	Analytical biochemistry service	A service that performs chemical and biochemical quantitative and characterisation of biological samples or derived analytes.	NCIT	MIABIS-SERVICES-07
Service type	Pharmacology service	A service that supports the investigation of the biological effects, activity, disposition or safety of therapeutic or experimental substances in biological systems.	NCIT	MIABIS-SERVICES-07
Service type	Microscopy imaging service	A service that generates, acquires or supports microscopic imaging data from biological material or experimental systems.	NCIT	MIABIS-SERVICES-07
Service type	Radiology imaging service	A service that generates, acquires or supports radiological imaging data for research or diagnostic purposes.	NCIT	MIABIS-SERVICES-07
Service type	Experimental pathology service	A service that evaluates and interprets morphological or pathological characteristics of biological material or experimental models.	NCIT	MIABIS-SERVICES-07
Service type	Digital pathology service	A service that transforms, manages, processes, analyses or interprets digitised pathology images and associated data.	NCIT	MIABIS-SERVICES-07
Service type	Imaging data analysis service	A service that processes, quantifies, analyses or interprets imaging-derived data from biological or clinical investigations.	NCIT	MIABIS-SERVICES-07
Service type	Microbiology and virology service	A service that detects, characterises or studies microorganisms, viruses or related biological agents in research, diagnostic or surveillance contexts.	NCIT	MIABIS-SERVICES-07
Service type	Cell culture service	A service that establishes, maintains, manipulates or provides in vitro 2D cellular model systems for research purposes.	NCIT	MIABIS-SERVICES-07
Service type	3D model development service	A service that develops, maintains or supports advanced in vitro tissue-like 3D biological model systems (organoids, spheroids, etc.) for research purposes.	NCIT	MIABIS-SERVICES-07
Service type	Animal model service	A service that develops, maintains, provides or supports the use of in vivo experimental animal models for research purposes.	NCIT	MIABIS-SERVICES-07
Service type	Research data management service	A service that manages, organises, stores, governs, harmonises and enables access to research datasets and associated metadata across the research data lifecycle.	NCIT	MIABIS-SERVICES-07
Service type	Bioinformatics service	A service that develops, applies or supports computational methods for the management, analysis or interpretation of biological or molecular data.	NCIT	MIABIS-SERVICES-07
Service type	Biostatistics service	A service that supports statistical design, methodology, analysis and interpretation in biomedical or biological research.	NCIT	MIABIS-SERVICES-07
Service type	Multi-omics integrative analysis service	A service that integrates and analyses data from multiple molecular modalities to generate combined biological interpretations.	NCIT	MIABIS-SERVICES-07
Service type	Research project design consultation	A service that supports the conceptual, methodological and operational design of biomedical or biological research projects.	NCIT	MIABIS-SERVICES-07
Service type	Research project protocol development	A service that develops, documents or supports research protocols and associated procedural or regulatory requirements.	NCIT	MIABIS-SERVICES-07
Service type	Laboratory training service	A service that provides training, guidance and competency support for laboratory procedures, biosafety practices and operational protocols.	NCIT	MIABIS-SERVICES-07
Service type	ELSI, regulatory and consent management service	A service that supports ethical, legal, social and regulatory requirements for biomedical and biobanking research, including the management of participant consent and related authorisations, as well as oversight of compliance, approvals and documentation processes.	NCIT	MIABIS-SERVICES-07
Service type	Informed consent management	The service by which informed consent is obtained and documented by means of a written, signed, and dated informed consent form. This process may include obtaining assent from subjects with legally authorized representatives (informed consent process). 	NCIT	MIABIS-SERVICES-07
Service type	Industry collaboration service	A service that supports collaboration between research organisations and industrial partners for scientific, technological or translational activities.	NCIT	MIABIS-SERVICES-07
Service type	Other service	A service that does not fall within the defined controlled vocabulary categories.		MIABIS-SERVICES-07