id,block,component,order
Heading-3b20c947-9818-41a8-942d-e82d2a2f6002-order,Section-9fbfc6b6-4783-46f7-809f-fdb006ec895c,Heading-3b20c947-9818-41a8-942d-e82d2a2f6002,0
Paragraph-c95d9bcb-eb18-4d4b-88e5-90e253da7e45-order,Section-9fbfc6b6-4783-46f7-809f-fdb006ec895c,Paragraph-c95d9bcb-eb18-4d4b-88e5-90e253da7e45,1
Paragraph-bac45e4b-41dd-4cd7-a29b-9c6c353a69f3-order,Section-9fbfc6b6-4783-46f7-809f-fdb006ec895c,Paragraph-bac45e4b-41dd-4cd7-a29b-9c6c353a69f3,2
Heading-c3b5e1dd-720c-488b-abd1-b1ae6a31098a-order,Section-d7128bcc-7abb-4741-9117-a1fb15054d26,Heading-c3b5e1dd-720c-488b-abd1-b1ae6a31098a,0
Paragraph-b205bdee-6cda-4be0-9f06-83f42004234e-order,Section-d7128bcc-7abb-4741-9117-a1fb15054d26,Paragraph-b205bdee-6cda-4be0-9f06-83f42004234e,1
Heading-5ab376f2-4418-46e0-919f-981ebf158250-order,Section-d7128bcc-7abb-4741-9117-a1fb15054d26,Heading-5ab376f2-4418-46e0-919f-981ebf158250,2
Heading-888b033f-219c-4954-bf30-ecd0011ee692-order,Section-d7128bcc-7abb-4741-9117-a1fb15054d26,Heading-888b033f-219c-4954-bf30-ecd0011ee692,4
Paragraph-718c410d-7365-4883-8013-ce4c0026d981-order,Section-d7128bcc-7abb-4741-9117-a1fb15054d26,Paragraph-718c410d-7365-4883-8013-ce4c0026d981,3
Paragraph-cd8cb63f-9b00-42eb-a480-a0619099fa1e-order,Section-d7128bcc-7abb-4741-9117-a1fb15054d26,Paragraph-cd8cb63f-9b00-42eb-a480-a0619099fa1e,5
Heading-779ccce7-e314-4fb4-9853-6ff3cd2717de-order,Section-0d580519-23c4-4871-9373-720f86cd1644,Heading-779ccce7-e314-4fb4-9853-6ff3cd2717de,0
Paragraph-88b13313-e03c-421b-9493-9b0bf3866e51-order,Section-0d580519-23c4-4871-9373-720f86cd1644,Paragraph-88b13313-e03c-421b-9493-9b0bf3866e51,1
Image-ab01cc7c-6744-438a-a437-7078afd2152d-order,Section-0d580519-23c4-4871-9373-720f86cd1644,penguins,2
