id,location name,primary group value,country,latitude,longitude,website,tooltip content,sort order,displayed in chart
Q146610,Zandenburg,ruin,Netherlands,51.549,3.662,https://thecastlemap.com/castles/zandenburg/,"<div class=""tooltip""><span class=""location-name"">Zandenburg</span><span class=""primary-group-value"">ruin</span><span class=""country"">Netherlands</span><span class=""website"">https://thecastlemap.com/castles/zandenburg/</span></div>",0,demo-map-dot-distribution
Q234048,Soestdijk Palace,palace,Netherlands,52.19333,5.27944,https://thecastlemap.com/castles/soestdijk-palace/,"<div class=""tooltip""><span class=""location-name"">Soestdijk Palace</span><span class=""primary-group-value"">palace</span><span class=""country"">Netherlands</span><span class=""website"">https://thecastlemap.com/castles/soestdijk-palace/</span></div>",1,demo-map-dot-distribution
Q281462,Castle De Berckt,castle,Netherlands,51.34244,6.111630000000001,https://thecastlemap.com/castles/castle-de-berckt/,"<div class=""tooltip""><span class=""location-name"">Castle De Berckt</span><span class=""primary-group-value"">castle</span><span class=""country"">Netherlands</span><span class=""website"">https://thecastlemap.com/castles/castle-de-berckt/</span></div>",2,demo-map-dot-distribution
Q419913,Fort Oranje (Bonaire),fortress,Netherlands,12.14882,-68.27683,https://thecastlemap.com/castles/fort-oranje/,"<div class=""tooltip""><span class=""location-name"">Fort Oranje (Bonaire)</span><span class=""primary-group-value"">fortress</span><span class=""country"">Netherlands</span><span class=""year"">1639.0</span><span class=""century"">17th century</span><span class=""website"">https://thecastlemap.com/castles/fort-oranje/</span></div>",3,demo-map-dot-distribution
Q534735,Mergelp,castle,Netherlands,51.82056000000001,5.9433300000000004,https://thecastlemap.com/castles/mergelp/,"<div class=""tooltip""><span class=""location-name"">Mergelp</span><span class=""primary-group-value"">castle</span><span class=""country"">Netherlands</span><span class=""website"">https://thecastlemap.com/castles/mergelp/</span></div>",4,demo-map-dot-distribution
Q559460,Huis Doorn,palace,Netherlands,52.03139,5.33861,https://thecastlemap.com/castles/huis-doorn/,"<div class=""tooltip""><span class=""location-name"">Huis Doorn</span><span class=""primary-group-value"">palace</span><span class=""country"">Netherlands</span><span class=""year"">1250.0</span><span class=""century"">13th century</span><span class=""website"">https://thecastlemap.com/castles/huis-doorn/</span></div>",5,demo-map-dot-distribution
Q572230,Kasteel Hoensbroek,castle,Netherlands,50.917010000000005,5.9174500000000005,https://thecastlemap.com/castles/kasteel-hoensbroek/,"<div class=""tooltip""><span class=""location-name"">Kasteel Hoensbroek</span><span class=""primary-group-value"">castle</span><span class=""country"">Netherlands</span><span class=""year"">1360.0</span><span class=""century"">14th century</span><span class=""website"">https://thecastlemap.com/castles/kasteel-hoensbroek/</span></div>",6,demo-map-dot-distribution
Q572269,Amerongen Castle,castle,Netherlands,51.99528,5.45833,https://thecastlemap.com/castles/amerongen-castle/,"<div class=""tooltip""><span class=""location-name"">Amerongen Castle</span><span class=""primary-group-value"">castle</span><span class=""country"">Netherlands</span><span class=""year"">1662.0</span><span class=""century"">17th century</span><span class=""website"">https://thecastlemap.com/castles/amerongen-castle/</span></div>",7,demo-map-dot-distribution
Q579118,Kasteel Heemstede,castle,Netherlands,52.03278,5.125,https://thecastlemap.com/castles/kasteel-heemstede/,"<div class=""tooltip""><span class=""location-name"">Kasteel Heemstede</span><span class=""primary-group-value"">castle</span><span class=""country"">Netherlands</span><span class=""website"">https://thecastlemap.com/castles/kasteel-heemstede/</span></div>",8,demo-map-dot-distribution
Q603412,Kasteel Bleijenbeek,ruin,Netherlands,51.63591,6.052740000000001,https://thecastlemap.com/castles/kasteel-bleijenbeek/,"<div class=""tooltip""><span class=""location-name"">Kasteel Bleijenbeek</span><span class=""primary-group-value"">ruin</span><span class=""country"">Netherlands</span><span class=""year"">1300.0</span><span class=""century"">13th century</span><span class=""website"">https://thecastlemap.com/castles/kasteel-bleijenbeek/</span></div>",9,demo-map-dot-distribution
Q623265,Fort Rammekens,fortress,Netherlands,51.4525,3.65389,https://thecastlemap.com/castles/fort-rammekens/,"<div class=""tooltip""><span class=""location-name"">Fort Rammekens</span><span class=""primary-group-value"">fortress</span><span class=""country"">Netherlands</span><span class=""year"">1547.0</span><span class=""century"">16th century</span><span class=""website"">https://thecastlemap.com/castles/fort-rammekens/</span></div>",10,demo-map-dot-distribution
Q680425,Doorwerth Castle,castle,Netherlands,51.9667,5.78884,https://thecastlemap.com/castles/doorwerth-castle/,"<div class=""tooltip""><span class=""location-name"">Doorwerth Castle</span><span class=""primary-group-value"">castle</span><span class=""country"">Netherlands</span><span class=""year"">1402.0</span><span class=""century"">15th century</span><span class=""website"">https://thecastlemap.com/castles/doorwerth-castle/</span></div>",11,demo-map-dot-distribution
Q686703,Castle Brederode,ruin,Netherlands,52.425560000000004,4.6225000000000005,https://thecastlemap.com/castles/castle-brederode/,"<div class=""tooltip""><span class=""location-name"">Castle Brederode</span><span class=""primary-group-value"">ruin</span><span class=""country"">Netherlands</span><span class=""year"">1300.0</span><span class=""century"">13th century</span><span class=""website"">https://thecastlemap.com/castles/castle-brederode/</span></div>",12,demo-map-dot-distribution
Q692381,Het Loo Palace,palace,Netherlands,52.234170000000006,5.945830000000001,https://thecastlemap.com/castles/het-loo-palace/,"<div class=""tooltip""><span class=""location-name"">Het Loo Palace</span><span class=""primary-group-value"">palace</span><span class=""country"">Netherlands</span><span class=""year"">1686.0</span><span class=""century"">17th century</span><span class=""website"">https://thecastlemap.com/castles/het-loo-palace/</span></div>",13,demo-map-dot-distribution
Q776148,Kasteel De Wildenborch,palace,Netherlands,52.12153000000001,6.38433,https://thecastlemap.com/castles/kasteel-de-wildenborch/,"<div class=""tooltip""><span class=""location-name"">Kasteel De Wildenborch</span><span class=""primary-group-value"">palace</span><span class=""country"">Netherlands</span><span class=""year"">1372.0</span><span class=""century"">14th century</span><span class=""website"">https://thecastlemap.com/castles/kasteel-de-wildenborch/</span></div>",14,demo-map-dot-distribution
Q923705,Ruïne Toutenburg,castle,Netherlands,52.679300000000005,5.95422,https://thecastlemap.com/castles/ruine-toutenburg/,"<div class=""tooltip""><span class=""location-name"">Ruïne Toutenburg</span><span class=""primary-group-value"">castle</span><span class=""country"">Netherlands</span><span class=""year"">1500.0</span><span class=""century"">15th century</span><span class=""website"">https://thecastlemap.com/castles/ruine-toutenburg/</span></div>",15,demo-map-dot-distribution
Q924769,Pampus,fortress,Netherlands,52.364720000000005,5.068890000000001,https://thecastlemap.com/castles/pampus/,"<div class=""tooltip""><span class=""location-name"">Pampus</span><span class=""primary-group-value"">fortress</span><span class=""country"">Netherlands</span><span class=""year"">1850.0</span><span class=""century"">19th century</span><span class=""website"">https://thecastlemap.com/castles/pampus/</span></div>",16,demo-map-dot-distribution
Q950647,Ilpenstein,ruin,Netherlands,52.46278,4.95349,https://thecastlemap.com/castles/ilpenstein/,"<div class=""tooltip""><span class=""location-name"">Ilpenstein</span><span class=""primary-group-value"">ruin</span><span class=""country"">Netherlands</span><span class=""year"">1622.0</span><span class=""century"">17th century</span><span class=""website"">https://thecastlemap.com/castles/ilpenstein/</span></div>",17,demo-map-dot-distribution
Q1011187,Castle of Bredevoort,castle,Netherlands,51.944120000000005,6.6184400000000005,https://thecastlemap.com/castles/castle-of-bredevoort/,"<div class=""tooltip""><span class=""location-name"">Castle of Bredevoort</span><span class=""primary-group-value"">castle</span><span class=""country"">Netherlands</span><span class=""year"">1188.0</span><span class=""century"">12th century</span><span class=""website"">https://thecastlemap.com/castles/castle-of-bredevoort/</span></div>",18,demo-map-dot-distribution
Q1013565,Kasteel Radboud,castle,Netherlands,52.772470000000005,5.113110000000001,https://thecastlemap.com/castles/kasteel-radboud/,"<div class=""tooltip""><span class=""location-name"">Kasteel Radboud</span><span class=""primary-group-value"">castle</span><span class=""country"">Netherlands</span><span class=""year"">1288.0</span><span class=""century"">13th century</span><span class=""website"">https://thecastlemap.com/castles/kasteel-radboud/</span></div>",19,demo-map-dot-distribution
Q1056152,Royal Palace of Amsterdam,palace,Netherlands,52.37317,4.891360000000001,https://thecastlemap.com/castles/royal-palace-of-amsterdam/,"<div class=""tooltip""><span class=""location-name"">Royal Palace of Amsterdam</span><span class=""primary-group-value"">palace</span><span class=""country"">Netherlands</span><span class=""year"">1665.0</span><span class=""century"">17th century</span><span class=""website"">https://thecastlemap.com/castles/royal-palace-of-amsterdam/</span></div>",20,demo-map-dot-distribution
Q1072284,Huis ten Bosch,palace,Netherlands,52.09306,4.34389,https://thecastlemap.com/castles/huis-ten-bosch/,"<div class=""tooltip""><span class=""location-name"">Huis ten Bosch</span><span class=""primary-group-value"">palace</span><span class=""country"">Netherlands</span><span class=""year"">1645.0</span><span class=""century"">17th century</span><span class=""website"">https://thecastlemap.com/castles/huis-ten-bosch/</span></div>",21,demo-map-dot-distribution
Q1110751,Castle of Ulft,castle,Netherlands,51.885580000000004,6.389850000000001,https://thecastlemap.com/castles/castle-of-ulft/,"<div class=""tooltip""><span class=""location-name"">Castle of Ulft</span><span class=""primary-group-value"">castle</span><span class=""country"">Netherlands</span><span class=""website"">https://thecastlemap.com/castles/castle-of-ulft/</span></div>",22,demo-map-dot-distribution
Q1341673,Heeswijk Castle,castle,Netherlands,51.65583,5.44111,https://thecastlemap.com/castles/heeswijk-castle/,"<div class=""tooltip""><span class=""location-name"">Heeswijk Castle</span><span class=""primary-group-value"">castle</span><span class=""country"">Netherlands</span><span class=""year"">1050.0</span><span class=""century"">11th century</span><span class=""website"">https://thecastlemap.com/castles/heeswijk-castle/</span></div>",23,demo-map-dot-distribution
Q1438590,Fort Kijkduin,fortress,Netherlands,52.95051,4.722440000000001,https://thecastlemap.com/castles/fort-kijkduin/,"<div class=""tooltip""><span class=""location-name"">Fort Kijkduin</span><span class=""primary-group-value"">fortress</span><span class=""country"">Netherlands</span><span class=""website"">https://thecastlemap.com/castles/fort-kijkduin/</span></div>",24,demo-map-dot-distribution
Q1438648,Fort Pannerden,fortress,Netherlands,51.88083,6.027220000000001,https://thecastlemap.com/castles/fort-pannerden/,"<div class=""tooltip""><span class=""location-name"">Fort Pannerden</span><span class=""primary-group-value"">fortress</span><span class=""country"">Netherlands</span><span class=""year"">1869.0</span><span class=""century"">19th century</span><span class=""website"">https://thecastlemap.com/castles/fort-pannerden/</span></div>",25,demo-map-dot-distribution
Q1438712,Fort Sint-Michiel,ruin,Netherlands,51.37194,6.1591700000000005,https://thecastlemap.com/castles/fort-sint-michiel/,"<div class=""tooltip""><span class=""location-name"">Fort Sint-Michiel</span><span class=""primary-group-value"">ruin</span><span class=""country"">Netherlands</span><span class=""year"">1641.0</span><span class=""century"">17th century</span><span class=""website"">https://thecastlemap.com/castles/fort-sint-michiel/</span></div>",26,demo-map-dot-distribution
Q1473283,Valkenburg Castle,ruin,Netherlands,50.861940000000004,5.830830000000001,https://thecastlemap.com/castles/valkenburg-castle/,"<div class=""tooltip""><span class=""location-name"">Valkenburg Castle</span><span class=""primary-group-value"">ruin</span><span class=""country"">Netherlands</span><span class=""year"">1115.0</span><span class=""century"">12th century</span><span class=""website"">https://thecastlemap.com/castles/valkenburg-castle/</span></div>",27,demo-map-dot-distribution
Q1515774,Slot Moermond,palace,Netherlands,51.733560000000004,3.7864400000000002,https://thecastlemap.com/castles/slot-moermond/,"<div class=""tooltip""><span class=""location-name"">Slot Moermond</span><span class=""primary-group-value"">palace</span><span class=""country"">Netherlands</span><span class=""website"">https://thecastlemap.com/castles/slot-moermond/</span></div>",28,demo-map-dot-distribution
Q1585508,Biljoen Castle,castle,Netherlands,51.99667,5.992500000000001,https://thecastlemap.com/castles/biljoen-castle/,"<div class=""tooltip""><span class=""location-name"">Biljoen Castle</span><span class=""primary-group-value"">castle</span><span class=""country"">Netherlands</span><span class=""year"">1076.0</span><span class=""century"">11th century</span><span class=""website"">https://thecastlemap.com/castles/biljoen-castle/</span></div>",29,demo-map-dot-distribution
Q1630851,Château Neercanne,palace,Netherlands,50.81861000000001,5.6675,https://thecastlemap.com/castles/chateau-neercanne/,"<div class=""tooltip""><span class=""location-name"">Château Neercanne</span><span class=""primary-group-value"">palace</span><span class=""country"">Netherlands</span><span class=""year"">1650.0</span><span class=""century"">17th century</span><span class=""website"">https://thecastlemap.com/castles/chateau-neercanne/</span></div>",30,demo-map-dot-distribution
Q1645763,House Bloemendal,palace,Netherlands,50.77306,6.013610000000001,https://thecastlemap.com/castles/house-bloemendal/,"<div class=""tooltip""><span class=""location-name"">House Bloemendal</span><span class=""primary-group-value"">palace</span><span class=""country"">Netherlands</span><span class=""website"">https://thecastlemap.com/castles/house-bloemendal/</span></div>",31,demo-map-dot-distribution
Q1669881,Neuborg Castle,castle,Netherlands,50.808060000000005,5.88222,https://thecastlemap.com/castles/neuborg-castle/,"<div class=""tooltip""><span class=""location-name"">Neuborg Castle</span><span class=""primary-group-value"">castle</span><span class=""country"">Netherlands</span><span class=""website"">https://thecastlemap.com/castles/neuborg-castle/</span></div>",32,demo-map-dot-distribution
Q1682058,Marquette Castle,palace,Netherlands,52.52094,4.667800000000001,https://thecastlemap.com/castles/marquette-castle/,"<div class=""tooltip""><span class=""location-name"">Marquette Castle</span><span class=""primary-group-value"">palace</span><span class=""country"">Netherlands</span><span class=""year"">1250.0</span><span class=""century"">13th century</span><span class=""website"">https://thecastlemap.com/castles/marquette-castle/</span></div>",33,demo-map-dot-distribution
Q1699841,Strijthagen Castle,castle,Netherlands,50.88472,6.032780000000001,https://thecastlemap.com/castles/strijthagen-castle/,"<div class=""tooltip""><span class=""location-name"">Strijthagen Castle</span><span class=""primary-group-value"">castle</span><span class=""country"">Netherlands</span><span class=""year"">1750.0</span><span class=""century"">18th century</span><span class=""website"">https://thecastlemap.com/castles/strijthagen-castle/</span></div>",34,demo-map-dot-distribution
Q1735304,Elsloo Castle,castle,Netherlands,50.947500000000005,5.7575,https://thecastlemap.com/castles/elsloo-castle/,"<div class=""tooltip""><span class=""location-name"">Elsloo Castle</span><span class=""primary-group-value"">castle</span><span class=""country"">Netherlands</span><span class=""website"">https://thecastlemap.com/castles/elsloo-castle/</span></div>",35,demo-map-dot-distribution
Q1735305,Cortenbach Castle,castle,Netherlands,50.884730000000005,5.93442,https://thecastlemap.com/castles/cortenbach-castle/,"<div class=""tooltip""><span class=""location-name"">Cortenbach Castle</span><span class=""primary-group-value"">castle</span><span class=""country"">Netherlands</span><span class=""year"">1350.0</span><span class=""century"">14th century</span><span class=""website"">https://thecastlemap.com/castles/cortenbach-castle/</span></div>",36,demo-map-dot-distribution
Q1735307,Erenstein Castle,castle,Netherlands,50.871390000000005,6.0547200000000005,https://thecastlemap.com/castles/erenstein-castle/,"<div class=""tooltip""><span class=""location-name"">Erenstein Castle</span><span class=""primary-group-value"">castle</span><span class=""country"">Netherlands</span><span class=""year"">1250.0</span><span class=""century"">13th century</span><span class=""website"">https://thecastlemap.com/castles/erenstein-castle/</span></div>",37,demo-map-dot-distribution
Q1735318,Castle de Haar,castle,Netherlands,52.121430000000004,4.986350000000001,https://thecastlemap.com/castles/castle-de-haar/,"<div class=""tooltip""><span class=""location-name"">Castle de Haar</span><span class=""primary-group-value"">castle</span><span class=""country"">Netherlands</span><span class=""year"">1391.0</span><span class=""century"">14th century</span><span class=""website"">https://thecastlemap.com/castles/castle-de-haar/</span></div>",38,demo-map-dot-distribution
Q1783601,Drakesteijn,castle,Netherlands,52.17972,5.227220000000001,https://thecastlemap.com/castles/drakesteijn/,"<div class=""tooltip""><span class=""location-name"">Drakesteijn</span><span class=""primary-group-value"">castle</span><span class=""country"">Netherlands</span><span class=""year"">1640.0</span><span class=""century"">17th century</span><span class=""website"">https://thecastlemap.com/castles/drakesteijn/</span></div>",39,demo-map-dot-distribution
Q1826558,Slot Heemstede,ruin,Netherlands,52.33979000000001,4.63098,https://thecastlemap.com/castles/slot-heemstede/,"<div class=""tooltip""><span class=""location-name"">Slot Heemstede</span><span class=""primary-group-value"">ruin</span><span class=""country"">Netherlands</span><span class=""year"">1280.0</span><span class=""century"">13th century</span><span class=""website"">https://thecastlemap.com/castles/slot-heemstede/</span></div>",40,demo-map-dot-distribution
Q1832947,Lemiers Castle,castle,Netherlands,50.789460000000005,5.9951,https://thecastlemap.com/castles/lemiers-castle/,"<div class=""tooltip""><span class=""location-name"">Lemiers Castle</span><span class=""primary-group-value"">castle</span><span class=""country"">Netherlands</span><span class=""website"">https://thecastlemap.com/castles/lemiers-castle/</span></div>",41,demo-map-dot-distribution
Q1862696,Nijenborgh Castle,castle,Netherlands,51.25638000000001,5.708830000000001,https://thecastlemap.com/castles/nijenborgh-castle/,"<div class=""tooltip""><span class=""location-name"">Nijenborgh Castle</span><span class=""primary-group-value"">castle</span><span class=""country"">Netherlands</span><span class=""year"">1450.0</span><span class=""century"">15th century</span><span class=""website"">https://thecastlemap.com/castles/nijenborgh-castle/</span></div>",42,demo-map-dot-distribution
Q1868780,Cranendonck Castle,castle,Netherlands,51.304300000000005,5.589720000000001,https://thecastlemap.com/castles/cranendonck-castle/,"<div class=""tooltip""><span class=""location-name"">Cranendonck Castle</span><span class=""primary-group-value"">castle</span><span class=""country"">Netherlands</span><span class=""year"">1850.0</span><span class=""century"">19th century</span><span class=""website"">https://thecastlemap.com/castles/cranendonck-castle/</span></div>",43,demo-map-dot-distribution
Q1885455,Vredenburg,castle,Netherlands,52.0925,5.1138900000000005,https://thecastlemap.com/castles/vredenburg/,"<div class=""tooltip""><span class=""location-name"">Vredenburg</span><span class=""primary-group-value"">castle</span><span class=""country"">Netherlands</span><span class=""year"">1529.0</span><span class=""century"">16th century</span><span class=""website"">https://thecastlemap.com/castles/vredenburg/</span></div>",44,demo-map-dot-distribution
Q1888721,Ham Fort,fortress,Netherlands,52.501940000000005,4.73528,https://thecastlemap.com/castles/ham-fort/,"<div class=""tooltip""><span class=""location-name"">Ham Fort</span><span class=""primary-group-value"">fortress</span><span class=""country"">Netherlands</span><span class=""website"">https://thecastlemap.com/castles/ham-fort/</span></div>",45,demo-map-dot-distribution
Q1889721,Noordeinde Palace,palace,Netherlands,52.080920000000006,4.30614,https://thecastlemap.com/castles/noordeinde-palace/,"<div class=""tooltip""><span class=""location-name"">Noordeinde Palace</span><span class=""primary-group-value"">palace</span><span class=""country"">Netherlands</span><span class=""website"">https://thecastlemap.com/castles/noordeinde-palace/</span></div>",46,demo-map-dot-distribution
Q1895608,Heeze Castle,castle,Netherlands,51.38111000000001,5.5875,https://thecastlemap.com/castles/heeze-castle/,"<div class=""tooltip""><span class=""location-name"">Heeze Castle</span><span class=""primary-group-value"">castle</span><span class=""country"">Netherlands</span><span class=""year"">1665.0</span><span class=""century"">17th century</span><span class=""website"">https://thecastlemap.com/castles/heeze-castle/</span></div>",47,demo-map-dot-distribution
Q1913236,Het Oude Loo,castle,Netherlands,52.23528,5.942220000000001,https://thecastlemap.com/castles/het-oude-loo/,"<div class=""tooltip""><span class=""location-name"">Het Oude Loo</span><span class=""primary-group-value"">castle</span><span class=""country"">Netherlands</span><span class=""year"">1450.0</span><span class=""century"">15th century</span><span class=""website"">https://thecastlemap.com/castles/het-oude-loo/</span></div>",48,demo-map-dot-distribution
Q1914108,Huys Dever,castle,Netherlands,52.248920000000005,4.54743,https://thecastlemap.com/castles/huys-dever/,"<div class=""tooltip""><span class=""location-name"">Huys Dever</span><span class=""primary-group-value"">castle</span><span class=""country"">Netherlands</span><span class=""year"">1375.0</span><span class=""century"">14th century</span><span class=""website"">https://thecastlemap.com/castles/huys-dever/</span></div>",49,demo-map-dot-distribution
Q1918354,Breda Castle,castle,Netherlands,51.591390000000004,4.77528,https://thecastlemap.com/castles/breda-castle/,"<div class=""tooltip""><span class=""location-name"">Breda Castle</span><span class=""primary-group-value"">castle</span><span class=""country"">Netherlands</span><span class=""year"">1540.0</span><span class=""century"">16th century</span><span class=""website"">https://thecastlemap.com/castles/breda-castle/</span></div>",50,demo-map-dot-distribution
Q1918429,Croy Castle,castle,Netherlands,51.5,5.624720000000001,https://thecastlemap.com/castles/croy-castle/,"<div class=""tooltip""><span class=""location-name"">Croy Castle</span><span class=""primary-group-value"">castle</span><span class=""country"">Netherlands</span><span class=""year"">1450.0</span><span class=""century"">15th century</span><span class=""website"">https://thecastlemap.com/castles/croy-castle/</span></div>",51,demo-map-dot-distribution
Q1918868,Huis te Riviere,castle,Netherlands,51.91818000000001,4.4029300000000004,https://thecastlemap.com/castles/huis-te-riviere/,"<div class=""tooltip""><span class=""location-name"">Huis te Riviere</span><span class=""primary-group-value"">castle</span><span class=""country"">Netherlands</span><span class=""year"">1262.0</span><span class=""century"">13th century</span><span class=""website"">https://thecastlemap.com/castles/huis-te-riviere/</span></div>",52,demo-map-dot-distribution
Q1967073,Assumburg,castle,Netherlands,52.505,4.685280000000001,https://thecastlemap.com/castles/assumburg/,"<div class=""tooltip""><span class=""location-name"">Assumburg</span><span class=""primary-group-value"">castle</span><span class=""country"">Netherlands</span><span class=""year"">1450.0</span><span class=""century"">15th century</span><span class=""website"">https://thecastlemap.com/castles/assumburg/</span></div>",53,demo-map-dot-distribution
Q2012221,Doornenburg Castle,castle,Netherlands,51.89361,5.99889,https://thecastlemap.com/castles/doornenburg-castle/,"<div class=""tooltip""><span class=""location-name"">Doornenburg Castle</span><span class=""primary-group-value"">castle</span><span class=""country"">Netherlands</span><span class=""year"">1400.0</span><span class=""century"">14th century</span><span class=""website"">https://thecastlemap.com/castles/doornenburg-castle/</span></div>",54,demo-map-dot-distribution
Q2020929,Kneuterdijk Palace,palace,Netherlands,52.08131,4.30865,https://thecastlemap.com/castles/kneuterdijk-palace/,"<div class=""tooltip""><span class=""location-name"">Kneuterdijk Palace</span><span class=""primary-group-value"">palace</span><span class=""country"">Netherlands</span><span class=""year"">1720.0</span><span class=""century"">18th century</span><span class=""website"">https://thecastlemap.com/castles/kneuterdijk-palace/</span></div>",55,demo-map-dot-distribution
Q2030260,Wijnandsrade Castle,castle,Netherlands,50.90222000000001,5.88306,https://thecastlemap.com/castles/wijnandsrade-castle/,"<div class=""tooltip""><span class=""location-name"">Wijnandsrade Castle</span><span class=""primary-group-value"">castle</span><span class=""country"">Netherlands</span><span class=""year"">1100.0</span><span class=""century"">11th century</span><span class=""website"">https://thecastlemap.com/castles/wijnandsrade-castle/</span></div>",56,demo-map-dot-distribution
Q2033940,"Ganzenmarkt 24-26, Utrecht",castle,Netherlands,52.092490000000005,5.119800000000001,https://thecastlemap.com/castles/ganzenmarkt-24-26-utrecht/,"<div class=""tooltip""><span class=""location-name"">Ganzenmarkt 24-26, Utrecht</span><span class=""primary-group-value"">castle</span><span class=""country"">Netherlands</span><span class=""website"">https://thecastlemap.com/castles/ganzenmarkt-24-26-utrecht/</span></div>",57,demo-map-dot-distribution
Q2034347,"Castle d'Erp",castle,Netherlands,51.3295,6.099600000000001,https://thecastlemap.com/castles/castle-d-erp/,"<div class=""tooltip""><span class=""location-name"">Castle d'Erp</span><span class=""primary-group-value"">castle</span><span class=""country"">Netherlands</span><span class=""year"">1650.0</span><span class=""century"">17th century</span><span class=""website"">https://thecastlemap.com/castles/castle-d-erp/</span></div>",58,demo-map-dot-distribution
Q2047615,Landgoed Rosendael,castle,Netherlands,52.009440000000005,5.964440000000001,https://thecastlemap.com/castles/landgoed-rosendael/,"<div class=""tooltip""><span class=""location-name"">Landgoed Rosendael</span><span class=""primary-group-value"">castle</span><span class=""country"">Netherlands</span><span class=""website"">https://thecastlemap.com/castles/landgoed-rosendael/</span></div>",59,demo-map-dot-distribution
Q2047965,Slot Ravesteyn,castle,Netherlands,51.863060000000004,4.242500000000001,https://thecastlemap.com/castles/slot-ravesteyn/,"<div class=""tooltip""><span class=""location-name"">Slot Ravesteyn</span><span class=""primary-group-value"">castle</span><span class=""country"">Netherlands</span><span class=""year"">1250.0</span><span class=""century"">13th century</span><span class=""website"">https://thecastlemap.com/castles/slot-ravesteyn/</span></div>",60,demo-map-dot-distribution
Q2056066,Zuylestein Castle,castle,Netherlands,52.00083000000001,5.4425,https://thecastlemap.com/castles/zuylestein-castle/,"<div class=""tooltip""><span class=""location-name"">Zuylestein Castle</span><span class=""primary-group-value"">castle</span><span class=""country"">Netherlands</span><span class=""year"">1536.0</span><span class=""century"">16th century</span><span class=""website"">https://thecastlemap.com/castles/zuylestein-castle/</span></div>",61,demo-map-dot-distribution
Q2067671,Fort Harssens,fortress,Netherlands,52.964090000000006,4.781580000000001,https://thecastlemap.com/castles/fort-harssens/,"<div class=""tooltip""><span class=""location-name"">Fort Harssens</span><span class=""primary-group-value"">fortress</span><span class=""country"">Netherlands</span><span class=""website"">https://thecastlemap.com/castles/fort-harssens/</span></div>",62,demo-map-dot-distribution
Q2075685,Castle Lichtenberg,ruin,Netherlands,50.82269,5.694640000000001,https://thecastlemap.com/castles/castle-lichtenberg/,"<div class=""tooltip""><span class=""location-name"">Castle Lichtenberg</span><span class=""primary-group-value"">ruin</span><span class=""country"">Netherlands</span><span class=""website"">https://thecastlemap.com/castles/castle-lichtenberg/</span></div>",63,demo-map-dot-distribution
Q2084244,Beverweerd Castle,castle,Netherlands,52.031940000000006,5.249720000000001,https://thecastlemap.com/castles/beverweerd-castle/,"<div class=""tooltip""><span class=""location-name"">Beverweerd Castle</span><span class=""primary-group-value"">castle</span><span class=""country"">Netherlands</span><span class=""year"">1250.0</span><span class=""century"">13th century</span><span class=""website"">https://thecastlemap.com/castles/beverweerd-castle/</span></div>",64,demo-map-dot-distribution
Q2087433,Fort bij Hinderdam,fortress,Netherlands,52.28389000000001,5.058330000000001,https://thecastlemap.com/castles/fort-bij-hinderdam/,"<div class=""tooltip""><span class=""location-name"">Fort bij Hinderdam</span><span class=""primary-group-value"">fortress</span><span class=""country"">Netherlands</span><span class=""website"">https://thecastlemap.com/castles/fort-bij-hinderdam/</span></div>",65,demo-map-dot-distribution
Q2109262,Castle Genhoes,castle,Netherlands,50.855560000000004,5.85611,https://thecastlemap.com/castles/castle-genhoes/,"<div class=""tooltip""><span class=""location-name"">Castle Genhoes</span><span class=""primary-group-value"">castle</span><span class=""country"">Netherlands</span><span class=""website"">https://thecastlemap.com/castles/castle-genhoes/</span></div>",66,demo-map-dot-distribution
Q2115531,"Kasteel d'Oultremont",castle,Netherlands,51.69276000000001,5.1692800000000005,https://thecastlemap.com/castles/kasteel-d-oultremont/,"<div class=""tooltip""><span class=""location-name"">Kasteel d'Oultremont</span><span class=""primary-group-value"">castle</span><span class=""country"">Netherlands</span><span class=""year"">1600.0</span><span class=""century"">16th century</span><span class=""website"">https://thecastlemap.com/castles/kasteel-d-oultremont/</span></div>",67,demo-map-dot-distribution
Q2119153,Castle Batenstein,castle,Netherlands,51.995830000000005,5.091670000000001,https://thecastlemap.com/castles/castle-batenstein/,"<div class=""tooltip""><span class=""location-name"">Castle Batenstein</span><span class=""primary-group-value"">castle</span><span class=""country"">Netherlands</span><span class=""website"">https://thecastlemap.com/castles/castle-batenstein/</span></div>",68,demo-map-dot-distribution
Q2131198,Zuylen Castle,castle,Netherlands,52.127100000000006,5.0730900000000005,https://thecastlemap.com/castles/zuylen-castle/,"<div class=""tooltip""><span class=""location-name"">Zuylen Castle</span><span class=""primary-group-value"">castle</span><span class=""country"">Netherlands</span><span class=""year"">1510.0</span><span class=""century"">16th century</span><span class=""website"">https://thecastlemap.com/castles/zuylen-castle/</span></div>",69,demo-map-dot-distribution
Q2134378,Kasteel de Essenburgh,castle,Netherlands,52.35909,5.6981,https://thecastlemap.com/castles/kasteel-de-essenburgh/,"<div class=""tooltip""><span class=""location-name"">Kasteel de Essenburgh</span><span class=""primary-group-value"">castle</span><span class=""country"">Netherlands</span><span class=""website"">https://thecastlemap.com/castles/kasteel-de-essenburgh/</span></div>",70,demo-map-dot-distribution
Q2153812,Huis Verwolde,castle,Netherlands,52.20051,6.391830000000001,https://thecastlemap.com/castles/huis-verwolde/,"<div class=""tooltip""><span class=""location-name"">Huis Verwolde</span><span class=""primary-group-value"">castle</span><span class=""country"">Netherlands</span><span class=""website"">https://thecastlemap.com/castles/huis-verwolde/</span></div>",71,demo-map-dot-distribution
Q2157032,Kasteel te Culemborg,ruin,Netherlands,51.95989,5.225510000000001,https://thecastlemap.com/castles/kasteel-te-culemborg/,"<div class=""tooltip""><span class=""location-name"">Kasteel te Culemborg</span><span class=""primary-group-value"">ruin</span><span class=""country"">Netherlands</span><span class=""website"">https://thecastlemap.com/castles/kasteel-te-culemborg/</span></div>",72,demo-map-dot-distribution
Q2171082,Binckhorst Castle,palace,Netherlands,52.06703,4.33739,https://thecastlemap.com/castles/binckhorst-castle/,"<div class=""tooltip""><span class=""location-name"">Binckhorst Castle</span><span class=""primary-group-value"">palace</span><span class=""country"">Netherlands</span><span class=""year"">1308.0</span><span class=""century"">14th century</span><span class=""website"">https://thecastlemap.com/castles/binckhorst-castle/</span></div>",73,demo-map-dot-distribution
Q2175336,Cannenburgh Castle,castle,Netherlands,52.291940000000004,5.965,https://thecastlemap.com/castles/cannenburgh-castle/,"<div class=""tooltip""><span class=""location-name"">Cannenburgh Castle</span><span class=""primary-group-value"">castle</span><span class=""country"">Netherlands</span><span class=""year"">1543.0</span><span class=""century"">16th century</span><span class=""website"">https://thecastlemap.com/castles/cannenburgh-castle/</span></div>",74,demo-map-dot-distribution
Q2177577,Loevestein Castle,castle,Netherlands,51.816390000000005,5.02139,https://thecastlemap.com/castles/loevestein-castle/,"<div class=""tooltip""><span class=""location-name"">Loevestein Castle</span><span class=""primary-group-value"">castle</span><span class=""country"">Netherlands</span><span class=""year"">1368.0</span><span class=""century"">14th century</span><span class=""website"">https://thecastlemap.com/castles/loevestein-castle/</span></div>",75,demo-map-dot-distribution
Q2194338,Landgoed Schaffelaar,castle,Netherlands,52.142500000000005,5.5911100000000005,https://thecastlemap.com/castles/landgoed-schaffelaar/,"<div class=""tooltip""><span class=""location-name"">Landgoed Schaffelaar</span><span class=""primary-group-value"">castle</span><span class=""country"">Netherlands</span><span class=""year"">1850.0</span><span class=""century"">19th century</span><span class=""website"">https://thecastlemap.com/castles/landgoed-schaffelaar/</span></div>",76,demo-map-dot-distribution
Q2200004,Westhove Castle,castle,Netherlands,51.56973000000001,3.5218000000000003,https://thecastlemap.com/castles/westhove-castle/,"<div class=""tooltip""><span class=""location-name"">Westhove Castle</span><span class=""primary-group-value"">castle</span><span class=""country"">Netherlands</span><span class=""website"">https://thecastlemap.com/castles/westhove-castle/</span></div>",77,demo-map-dot-distribution
Q2202724,Castle Born,castle,Netherlands,51.031110000000005,5.81139,https://thecastlemap.com/castles/castle-born/,"<div class=""tooltip""><span class=""location-name"">Castle Born</span><span class=""primary-group-value"">castle</span><span class=""country"">Netherlands</span><span class=""website"">https://thecastlemap.com/castles/castle-born/</span></div>",78,demo-map-dot-distribution
Q2208759,Coendersborg,castle,Netherlands,53.14835000000001,6.300800000000001,https://thecastlemap.com/castles/coendersborg/,"<div class=""tooltip""><span class=""location-name"">Coendersborg</span><span class=""primary-group-value"">castle</span><span class=""country"">Netherlands</span><span class=""year"">1813.0</span><span class=""century"">19th century</span><span class=""website"">https://thecastlemap.com/castles/coendersborg/</span></div>",79,demo-map-dot-distribution
Q2214405,Horn Castle,castle,Netherlands,51.208330000000004,5.951670000000001,https://thecastlemap.com/castles/horn-castle/,"<div class=""tooltip""><span class=""location-name"">Horn Castle</span><span class=""primary-group-value"">castle</span><span class=""country"">Netherlands</span><span class=""website"">https://thecastlemap.com/castles/horn-castle/</span></div>",80,demo-map-dot-distribution
Q2221010,Sassenpoort,fortress,Netherlands,52.50972,6.095280000000001,https://thecastlemap.com/castles/sassenpoort/,"<div class=""tooltip""><span class=""location-name"">Sassenpoort</span><span class=""primary-group-value"">fortress</span><span class=""country"">Netherlands</span><span class=""year"">1409.0</span><span class=""century"">15th century</span><span class=""website"">https://thecastlemap.com/castles/sassenpoort/</span></div>",81,demo-map-dot-distribution
Q2243348,Schaesberg Castle,ruin,Netherlands,50.89822,5.9973,https://thecastlemap.com/castles/schaesberg-castle/,"<div class=""tooltip""><span class=""location-name"">Schaesberg Castle</span><span class=""primary-group-value"">ruin</span><span class=""country"">Netherlands</span><span class=""website"">https://thecastlemap.com/castles/schaesberg-castle/</span></div>",82,demo-map-dot-distribution
Q2243832,Vaalsbroek Castle,castle,Netherlands,50.767500000000005,5.99528,https://thecastlemap.com/castles/vaalsbroek-castle/,"<div class=""tooltip""><span class=""location-name"">Vaalsbroek Castle</span><span class=""primary-group-value"">castle</span><span class=""country"">Netherlands</span><span class=""website"">https://thecastlemap.com/castles/vaalsbroek-castle/</span></div>",83,demo-map-dot-distribution
Q2281318,Castle Nijenrode,castle,Netherlands,52.163610000000006,5.00917,https://thecastlemap.com/castles/castle-nijenrode/,"<div class=""tooltip""><span class=""location-name"">Castle Nijenrode</span><span class=""primary-group-value"">castle</span><span class=""country"">Netherlands</span><span class=""website"">https://thecastlemap.com/castles/castle-nijenrode/</span></div>",84,demo-map-dot-distribution
Q2286213,Slot Teylingen,castle,Netherlands,52.23111,4.519170000000001,https://thecastlemap.com/castles/slot-teylingen/,"<div class=""tooltip""><span class=""location-name"">Slot Teylingen</span><span class=""primary-group-value"">castle</span><span class=""country"">Netherlands</span><span class=""year"">1225.0</span><span class=""century"">13th century</span><span class=""website"">https://thecastlemap.com/castles/slot-teylingen/</span></div>",85,demo-map-dot-distribution
Q2293749,Exaten Castle,castle,Netherlands,51.216300000000004,5.8929,https://thecastlemap.com/castles/exaten-castle/,"<div class=""tooltip""><span class=""location-name"">Exaten Castle</span><span class=""primary-group-value"">castle</span><span class=""country"">Netherlands</span><span class=""year"">1550.0</span><span class=""century"">16th century</span><span class=""website"">https://thecastlemap.com/castles/exaten-castle/</span></div>",86,demo-map-dot-distribution
Q2312054,Duivenvoorde Castle,castle,Netherlands,52.11139000000001,4.4175,https://thecastlemap.com/castles/duivenvoorde-castle/,"<div class=""tooltip""><span class=""location-name"">Duivenvoorde Castle</span><span class=""primary-group-value"">castle</span><span class=""country"">Netherlands</span><span class=""year"">1226.0</span><span class=""century"">13th century</span><span class=""website"">https://thecastlemap.com/castles/duivenvoorde-castle/</span></div>",87,demo-map-dot-distribution
Q2325697,Castle Middachten,palace,Netherlands,52.01917,6.06972,https://thecastlemap.com/castles/castle-middachten/,"<div class=""tooltip""><span class=""location-name"">Castle Middachten</span><span class=""primary-group-value"">palace</span><span class=""country"">Netherlands</span><span class=""year"">1693.0</span><span class=""century"">17th century</span><span class=""website"">https://thecastlemap.com/castles/castle-middachten/</span></div>",88,demo-map-dot-distribution
Q2340786,Ellewoutsdijk Fort,fortress,Netherlands,51.38667,3.81306,https://thecastlemap.com/castles/ellewoutsdijk-fort/,"<div class=""tooltip""><span class=""location-name"">Ellewoutsdijk Fort</span><span class=""primary-group-value"">fortress</span><span class=""country"">Netherlands</span><span class=""website"">https://thecastlemap.com/castles/ellewoutsdijk-fort/</span></div>",89,demo-map-dot-distribution
Q2348864,Fort Ronduit,fortress,Netherlands,52.30274000000001,5.16476,https://thecastlemap.com/castles/fort-ronduit/,"<div class=""tooltip""><span class=""location-name"">Fort Ronduit</span><span class=""primary-group-value"">fortress</span><span class=""country"">Netherlands</span><span class=""year"">1875.0</span><span class=""century"">19th century</span><span class=""website"">https://thecastlemap.com/castles/fort-ronduit/</span></div>",90,demo-map-dot-distribution
Q2354245,Huis Wisch,castle,Netherlands,51.917500000000004,6.35639,https://thecastlemap.com/castles/huis-wisch/,"<div class=""tooltip""><span class=""location-name"">Huis Wisch</span><span class=""primary-group-value"">castle</span><span class=""country"">Netherlands</span><span class=""website"">https://thecastlemap.com/castles/huis-wisch/</span></div>",91,demo-map-dot-distribution
Q2358584,Fort benoorden Purmerend,fortress,Netherlands,52.535900000000005,4.957450000000001,https://thecastlemap.com/castles/fort-benoorden-purmerend/,"<div class=""tooltip""><span class=""location-name"">Fort benoorden Purmerend</span><span class=""primary-group-value"">fortress</span><span class=""country"">Netherlands</span><span class=""website"">https://thecastlemap.com/castles/fort-benoorden-purmerend/</span></div>",92,demo-map-dot-distribution
Q2359601,De Thombe,castle,Netherlands,50.826170000000005,5.67694,https://thecastlemap.com/castles/de-thombe/,"<div class=""tooltip""><span class=""location-name"">De Thombe</span><span class=""primary-group-value"">castle</span><span class=""country"">Netherlands</span><span class=""website"">https://thecastlemap.com/castles/de-thombe/</span></div>",93,demo-map-dot-distribution
Q2360734,Bouvigne Castle,castle,Netherlands,51.5625,4.78333,https://thecastlemap.com/castles/bouvigne-castle/,"<div class=""tooltip""><span class=""location-name"">Bouvigne Castle</span><span class=""primary-group-value"">castle</span><span class=""country"">Netherlands</span><span class=""year"">1554.0</span><span class=""century"">16th century</span><span class=""website"">https://thecastlemap.com/castles/bouvigne-castle/</span></div>",94,demo-map-dot-distribution
Q2364417,Fort Sint-Andries,fortress,Netherlands,51.80194,5.365830000000001,https://thecastlemap.com/castles/fort-sint-andries/,"<div class=""tooltip""><span class=""location-name"">Fort Sint-Andries</span><span class=""primary-group-value"">fortress</span><span class=""country"">Netherlands</span><span class=""year"">1599.0</span><span class=""century"">16th century</span><span class=""website"">https://thecastlemap.com/castles/fort-sint-andries/</span></div>",95,demo-map-dot-distribution
Q2369084,Kasteel Boxmeer,castle,Netherlands,51.652100000000004,5.95833,https://thecastlemap.com/castles/kasteel-boxmeer/,"<div class=""tooltip""><span class=""location-name"">Kasteel Boxmeer</span><span class=""primary-group-value"">castle</span><span class=""country"">Netherlands</span><span class=""year"">1250.0</span><span class=""century"">13th century</span><span class=""website"">https://thecastlemap.com/castles/kasteel-boxmeer/</span></div>",96,demo-map-dot-distribution
Q2372470,Fort Henricus,fortress,Netherlands,51.600970000000004,4.30593,https://thecastlemap.com/castles/fort-henricus/,"<div class=""tooltip""><span class=""location-name"">Fort Henricus</span><span class=""primary-group-value"">fortress</span><span class=""country"">Netherlands</span><span class=""year"">1626.0</span><span class=""century"">17th century</span><span class=""website"">https://thecastlemap.com/castles/fort-henricus/</span></div>",97,demo-map-dot-distribution
Q2391765,Keverberg Castle,castle,Netherlands,51.291070000000005,6.05545,https://thecastlemap.com/castles/keverberg-castle/,"<div class=""tooltip""><span class=""location-name"">Keverberg Castle</span><span class=""primary-group-value"">castle</span><span class=""country"">Netherlands</span><span class=""website"">https://thecastlemap.com/castles/keverberg-castle/</span></div>",98,demo-map-dot-distribution
Q2395406,Bethlehem Castle,castle,Netherlands,50.86778,5.711110000000001,https://thecastlemap.com/castles/bethlehem-castle/,"<div class=""tooltip""><span class=""location-name"">Bethlehem Castle</span><span class=""primary-group-value"">castle</span><span class=""country"">Netherlands</span><span class=""year"">1150.0</span><span class=""century"">12th century</span><span class=""website"">https://thecastlemap.com/castles/bethlehem-castle/</span></div>",99,demo-map-dot-distribution
Q2414081,Kasteel IJsselstein,castle,Netherlands,52.02089,5.04232,https://thecastlemap.com/castles/kasteel-ijsselstein/,"<div class=""tooltip""><span class=""location-name"">Kasteel IJsselstein</span><span class=""primary-group-value"">castle</span><span class=""country"">Netherlands</span><span class=""website"">https://thecastlemap.com/castles/kasteel-ijsselstein/</span></div>",100,demo-map-dot-distribution
Q2420036,Oud Haerlem Castle,castle,Netherlands,52.50028,4.68778,https://thecastlemap.com/castles/oud-haerlem-castle/,"<div class=""tooltip""><span class=""location-name"">Oud Haerlem Castle</span><span class=""primary-group-value"">castle</span><span class=""country"">Netherlands</span><span class=""website"">https://thecastlemap.com/castles/oud-haerlem-castle/</span></div>",101,demo-map-dot-distribution
Q2426916,Muiderslot,castle,Netherlands,52.334230000000005,5.07181,https://thecastlemap.com/castles/muiderslot/,"<div class=""tooltip""><span class=""location-name"">Muiderslot</span><span class=""primary-group-value"">castle</span><span class=""country"">Netherlands</span><span class=""year"">1280.0</span><span class=""century"">13th century</span><span class=""website"">https://thecastlemap.com/castles/muiderslot/</span></div>",102,demo-map-dot-distribution
Q2436216,De Bockenhof Castle,castle,Netherlands,50.89472000000001,5.82528,https://thecastlemap.com/castles/de-bockenhof-castle/,"<div class=""tooltip""><span class=""location-name"">De Bockenhof Castle</span><span class=""primary-group-value"">castle</span><span class=""country"">Netherlands</span><span class=""website"">https://thecastlemap.com/castles/de-bockenhof-castle/</span></div>",103,demo-map-dot-distribution
Q2441252,Sjaerdemaslot,castle,Netherlands,53.186640000000004,5.5379700000000005,https://thecastlemap.com/castles/sjaerdemaslot/,"<div class=""tooltip""><span class=""location-name"">Sjaerdemaslot</span><span class=""primary-group-value"">castle</span><span class=""country"">Netherlands</span><span class=""year"">1446.0</span><span class=""century"">15th century</span><span class=""website"">https://thecastlemap.com/castles/sjaerdemaslot/</span></div>",104,demo-map-dot-distribution
Q2447969,Ammersoyen Castle,castle,Netherlands,51.751670000000004,5.229170000000001,https://thecastlemap.com/castles/ammersoyen-castle/,"<div class=""tooltip""><span class=""location-name"">Ammersoyen Castle</span><span class=""primary-group-value"">castle</span><span class=""country"">Netherlands</span><span class=""year"">1355.0</span><span class=""century"">14th century</span><span class=""website"">https://thecastlemap.com/castles/ammersoyen-castle/</span></div>",105,demo-map-dot-distribution
Q2456222,Altena Castle (Almkerk),castle,Netherlands,51.774260000000005,4.969410000000001,https://thecastlemap.com/castles/altena-castle-nl/,"<div class=""tooltip""><span class=""location-name"">Altena Castle (Almkerk)</span><span class=""primary-group-value"">castle</span><span class=""country"">Netherlands</span><span class=""website"">https://thecastlemap.com/castles/altena-castle-nl/</span></div>",106,demo-map-dot-distribution
Q2478123,Duurstede Castle,castle,Netherlands,51.969440000000006,5.343330000000001,https://thecastlemap.com/castles/duurstede-castle/,"<div class=""tooltip""><span class=""location-name"">Duurstede Castle</span><span class=""primary-group-value"">castle</span><span class=""country"">Netherlands</span><span class=""website"">https://thecastlemap.com/castles/duurstede-castle/</span></div>",107,demo-map-dot-distribution
Q2482525,Huis ter Kleef,ruin,Netherlands,52.395900000000005,4.63464,https://thecastlemap.com/castles/huis-ter-kleef/,"<div class=""tooltip""><span class=""location-name"">Huis ter Kleef</span><span class=""primary-group-value"">ruin</span><span class=""country"">Netherlands</span><span class=""year"">1370.0</span><span class=""century"">14th century</span><span class=""website"">https://thecastlemap.com/castles/huis-ter-kleef/</span></div>",108,demo-map-dot-distribution
Q2502349,Kasteel Almere,castle,Netherlands,52.348060000000004,5.2475000000000005,https://thecastlemap.com/castles/kasteel-almere/,"<div class=""tooltip""><span class=""location-name"">Kasteel Almere</span><span class=""primary-group-value"">castle</span><span class=""country"">Netherlands</span><span class=""year"">2002.0</span><span class=""century"">21st century</span><span class=""website"">https://thecastlemap.com/castles/kasteel-almere/</span></div>",109,demo-map-dot-distribution
Q2521084,Kasteel Wittem,castle,Netherlands,50.81389,5.91,https://thecastlemap.com/castles/kasteel-wittem/,"<div class=""tooltip""><span class=""location-name"">Kasteel Wittem</span><span class=""primary-group-value"">castle</span><span class=""country"">Netherlands</span><span class=""website"">https://thecastlemap.com/castles/kasteel-wittem/</span></div>",110,demo-map-dot-distribution
Q2528633,Well Castle,castle,Netherlands,51.74656,5.206670000000001,https://thecastlemap.com/castles/well-castle/,"<div class=""tooltip""><span class=""location-name"">Well Castle</span><span class=""primary-group-value"">castle</span><span class=""country"">Netherlands</span><span class=""website"">https://thecastlemap.com/castles/well-castle/</span></div>",111,demo-map-dot-distribution
Q2534458,Slangenburg Castle,castle,Netherlands,51.96056,6.360830000000001,https://thecastlemap.com/castles/slangenburg-castle/,"<div class=""tooltip""><span class=""location-name"">Slangenburg Castle</span><span class=""primary-group-value"">castle</span><span class=""country"">Netherlands</span><span class=""website"">https://thecastlemap.com/castles/slangenburg-castle/</span></div>",112,demo-map-dot-distribution
Q2551295,Sibberhuuske,castle,Netherlands,50.84667,5.82056,https://thecastlemap.com/castles/sibberhuuske/,"<div class=""tooltip""><span class=""location-name"">Sibberhuuske</span><span class=""primary-group-value"">castle</span><span class=""country"">Netherlands</span><span class=""website"">https://thecastlemap.com/castles/sibberhuuske/</span></div>",113,demo-map-dot-distribution
Q2558264,Edam Fort,fortress,Netherlands,52.51778,5.067220000000001,https://thecastlemap.com/castles/edam-fort/,"<div class=""tooltip""><span class=""location-name"">Edam Fort</span><span class=""primary-group-value"">fortress</span><span class=""country"">Netherlands</span><span class=""website"">https://thecastlemap.com/castles/edam-fort/</span></div>",114,demo-map-dot-distribution
Q2576745,Waardenburg Castle,castle,Netherlands,51.83167,5.26639,https://thecastlemap.com/castles/waardenburg-castle/,"<div class=""tooltip""><span class=""location-name"">Waardenburg Castle</span><span class=""primary-group-value"">castle</span><span class=""country"">Netherlands</span><span class=""year"">1250.0</span><span class=""century"">13th century</span><span class=""website"">https://thecastlemap.com/castles/waardenburg-castle/</span></div>",115,demo-map-dot-distribution
Q2583171,Wedderborg,castle,Netherlands,53.06732,7.07293,https://thecastlemap.com/castles/wedderborg/,"<div class=""tooltip""><span class=""location-name"">Wedderborg</span><span class=""primary-group-value"">castle</span><span class=""country"">Netherlands</span><span class=""year"">1370.0</span><span class=""century"">14th century</span><span class=""website"">https://thecastlemap.com/castles/wedderborg/</span></div>",116,demo-map-dot-distribution
Q2587780,Batenburg Castle,castle,Netherlands,51.823840000000004,5.630990000000001,https://thecastlemap.com/castles/batenburg-castle/,"<div class=""tooltip""><span class=""location-name"">Batenburg Castle</span><span class=""primary-group-value"">castle</span><span class=""country"">Netherlands</span><span class=""year"">1300.0</span><span class=""century"">13th century</span><span class=""website"">https://thecastlemap.com/castles/batenburg-castle/</span></div>",117,demo-map-dot-distribution
Q2593212,Kasteel Renswoude,castle,Netherlands,52.070640000000004,5.5446,https://thecastlemap.com/castles/kasteel-renswoude/,"<div class=""tooltip""><span class=""location-name"">Kasteel Renswoude</span><span class=""primary-group-value"">castle</span><span class=""country"">Netherlands</span><span class=""year"">1350.0</span><span class=""century"">14th century</span><span class=""website"">https://thecastlemap.com/castles/kasteel-renswoude/</span></div>",118,demo-map-dot-distribution
Q2606808,Borgharen Castle,castle,Netherlands,50.87778,5.68611,https://thecastlemap.com/castles/borgharen-castle/,"<div class=""tooltip""><span class=""location-name"">Borgharen Castle</span><span class=""primary-group-value"">castle</span><span class=""country"">Netherlands</span><span class=""website"">https://thecastlemap.com/castles/borgharen-castle/</span></div>",119,demo-map-dot-distribution
Q2611044,Den Halder Castle,castle,Netherlands,50.86464,5.83114,https://thecastlemap.com/castles/den-halder-castle/,"<div class=""tooltip""><span class=""location-name"">Den Halder Castle</span><span class=""primary-group-value"">castle</span><span class=""country"">Netherlands</span><span class=""website"">https://thecastlemap.com/castles/den-halder-castle/</span></div>",120,demo-map-dot-distribution
Q2622152,Wijchen Castle,castle,Netherlands,51.808490000000006,5.72775,https://thecastlemap.com/castles/wijchen-castle/,"<div class=""tooltip""><span class=""location-name"">Wijchen Castle</span><span class=""primary-group-value"">castle</span><span class=""country"">Netherlands</span><span class=""website"">https://thecastlemap.com/castles/wijchen-castle/</span></div>",121,demo-map-dot-distribution
Q2660096,Mouse Fort,fortress,Netherlands,52.329440000000005,5.072220000000001,https://thecastlemap.com/castles/mouse-fort/,"<div class=""tooltip""><span class=""location-name"">Mouse Fort</span><span class=""primary-group-value"">fortress</span><span class=""country"">Netherlands</span><span class=""website"">https://thecastlemap.com/castles/mouse-fort/</span></div>",122,demo-map-dot-distribution
Q2665541,Menkemaborg,castle,Netherlands,53.40496,6.683870000000001,https://thecastlemap.com/castles/menkemaborg/,"<div class=""tooltip""><span class=""location-name"">Menkemaborg</span><span class=""primary-group-value"">castle</span><span class=""country"">Netherlands</span><span class=""year"">1614.0</span><span class=""century"">17th century</span><span class=""website"">https://thecastlemap.com/castles/menkemaborg/</span></div>",123,demo-map-dot-distribution
Q2684013,Kasteel Nederhemert,castle,Netherlands,51.753600000000006,5.154260000000001,https://thecastlemap.com/castles/kasteel-nederhemert/,"<div class=""tooltip""><span class=""location-name"">Kasteel Nederhemert</span><span class=""primary-group-value"">castle</span><span class=""country"">Netherlands</span><span class=""website"">https://thecastlemap.com/castles/kasteel-nederhemert/</span></div>",124,demo-map-dot-distribution
Q2689086,Castle Oost,palace,Netherlands,50.796110000000006,5.706110000000001,https://thecastlemap.com/castles/castle-oost/,"<div class=""tooltip""><span class=""location-name"">Castle Oost</span><span class=""primary-group-value"">palace</span><span class=""country"">Netherlands</span><span class=""website"">https://thecastlemap.com/castles/castle-oost/</span></div>",125,demo-map-dot-distribution
Q2690018,Limbricht Castle,castle,Netherlands,51.01639,5.83889,https://thecastlemap.com/castles/limbricht-castle/,"<div class=""tooltip""><span class=""location-name"">Limbricht Castle</span><span class=""primary-group-value"">castle</span><span class=""country"">Netherlands</span><span class=""website"">https://thecastlemap.com/castles/limbricht-castle/</span></div>",126,demo-map-dot-distribution
Q2695787,Schaloen Castle,castle,Netherlands,50.85694,5.85083,https://thecastlemap.com/castles/schaloen-castle/,"<div class=""tooltip""><span class=""location-name"">Schaloen Castle</span><span class=""primary-group-value"">castle</span><span class=""country"">Netherlands</span><span class=""website"">https://thecastlemap.com/castles/schaloen-castle/</span></div>",127,demo-map-dot-distribution
Q2697019,Rhijnauwen,castle,Netherlands,52.06889,5.1775,https://thecastlemap.com/castles/rhijnauwen/,"<div class=""tooltip""><span class=""location-name"">Rhijnauwen</span><span class=""primary-group-value"">castle</span><span class=""country"">Netherlands</span><span class=""year"">1212.0</span><span class=""century"">13th century</span><span class=""website"">https://thecastlemap.com/castles/rhijnauwen/</span></div>",128,demo-map-dot-distribution
Q2701826,Castle Keukenhof,castle,Netherlands,52.26782000000001,4.54021,https://thecastlemap.com/castles/castle-keukenhof/,"<div class=""tooltip""><span class=""location-name"">Castle Keukenhof</span><span class=""primary-group-value"">castle</span><span class=""country"">Netherlands</span><span class=""year"">1642.0</span><span class=""century"">17th century</span><span class=""website"">https://thecastlemap.com/castles/castle-keukenhof/</span></div>",129,demo-map-dot-distribution
Q2702543,Onstaborg (Wetsinge),castle,Netherlands,53.30633,6.5328100000000004,https://thecastlemap.com/castles/onstaborg/,"<div class=""tooltip""><span class=""location-name"">Onstaborg (Wetsinge)</span><span class=""primary-group-value"">castle</span><span class=""country"">Netherlands</span><span class=""year"">1500.0</span><span class=""century"">15th century</span><span class=""website"">https://thecastlemap.com/castles/onstaborg/</span></div>",130,demo-map-dot-distribution
Q2730234,Fort Oranje (Sint Eustatius),fortress,Netherlands,17.481920000000002,-62.98669,https://thecastlemap.com/castles/fort-oranje-q2730234/,"<div class=""tooltip""><span class=""location-name"">Fort Oranje (Sint Eustatius)</span><span class=""primary-group-value"">fortress</span><span class=""country"">Netherlands</span><span class=""year"">1636.0</span><span class=""century"">17th century</span><span class=""website"">https://thecastlemap.com/castles/fort-oranje-q2730234/</span></div>",131,demo-map-dot-distribution
Q2731452,Dussen Castle,castle,Netherlands,51.73389,4.9694400000000005,https://thecastlemap.com/castles/dussen-castle/,"<div class=""tooltip""><span class=""location-name"">Dussen Castle</span><span class=""primary-group-value"">castle</span><span class=""country"">Netherlands</span><span class=""year"">1156.0</span><span class=""century"">12th century</span><span class=""website"">https://thecastlemap.com/castles/dussen-castle/</span></div>",132,demo-map-dot-distribution
Q2753084,Nittersum,castle,Netherlands,53.32211,6.696110000000001,https://thecastlemap.com/castles/nittersum/,"<div class=""tooltip""><span class=""location-name"">Nittersum</span><span class=""primary-group-value"">castle</span><span class=""country"">Netherlands</span><span class=""website"">https://thecastlemap.com/castles/nittersum/</span></div>",133,demo-map-dot-distribution
Q2754277,Fort near De Kwakel,fortress,Netherlands,52.236940000000004,4.78972,https://thecastlemap.com/castles/fort-near-de-kwakel/,"<div class=""tooltip""><span class=""location-name"">Fort near De Kwakel</span><span class=""primary-group-value"">fortress</span><span class=""country"">Netherlands</span><span class=""year"">1890.0</span><span class=""century"">19th century</span><span class=""website"">https://thecastlemap.com/castles/fort-near-de-kwakel/</span></div>",134,demo-map-dot-distribution
Q2765622,Burcht van Voorne,ruin,Netherlands,51.916450000000005,4.103960000000001,https://thecastlemap.com/castles/burcht-van-voorne/,"<div class=""tooltip""><span class=""location-name"">Burcht van Voorne</span><span class=""primary-group-value"">ruin</span><span class=""country"">Netherlands</span><span class=""year"">1170.0</span><span class=""century"">12th century</span><span class=""website"">https://thecastlemap.com/castles/burcht-van-voorne/</span></div>",135,demo-map-dot-distribution
Q2769348,Keppel Castle,castle,Netherlands,51.99354,6.22714,https://thecastlemap.com/castles/keppel-castle/,"<div class=""tooltip""><span class=""location-name"">Keppel Castle</span><span class=""primary-group-value"">castle</span><span class=""country"">Netherlands</span><span class=""year"">1650.0</span><span class=""century"">17th century</span><span class=""website"">https://thecastlemap.com/castles/keppel-castle/</span></div>",136,demo-map-dot-distribution
Q2780274,Fort Vijfhuizen,fortress,Netherlands,52.3474,4.6705700000000005,https://thecastlemap.com/castles/fort-vijfhuizen/,"<div class=""tooltip""><span class=""location-name"">Fort Vijfhuizen</span><span class=""primary-group-value"">fortress</span><span class=""country"">Netherlands</span><span class=""website"">https://thecastlemap.com/castles/fort-vijfhuizen/</span></div>",137,demo-map-dot-distribution
Q2782816,De Kinkelenburg,castle,Netherlands,51.8896,5.896170000000001,https://thecastlemap.com/castles/de-kinkelenburg/,"<div class=""tooltip""><span class=""location-name"">De Kinkelenburg</span><span class=""primary-group-value"">castle</span><span class=""country"">Netherlands</span><span class=""year"">1403.0</span><span class=""century"">15th century</span><span class=""website"">https://thecastlemap.com/castles/de-kinkelenburg/</span></div>",138,demo-map-dot-distribution
Q2785055,"Huis Overvoorde, Rijswijk",castle,Netherlands,52.043490000000006,4.30325,https://thecastlemap.com/castles/huis-overvoorde-rijswijk/,"<div class=""tooltip""><span class=""location-name"">Huis Overvoorde, Rijswijk</span><span class=""primary-group-value"">castle</span><span class=""country"">Netherlands</span><span class=""year"">1623.0</span><span class=""century"">17th century</span><span class=""website"">https://thecastlemap.com/castles/huis-overvoorde-rijswijk/</span></div>",139,demo-map-dot-distribution
Q2791288,"Hackfort, Vorden",castle,Netherlands,52.1,6.276940000000001,https://thecastlemap.com/castles/hackfort-vorden/,"<div class=""tooltip""><span class=""location-name"">Hackfort, Vorden</span><span class=""primary-group-value"">castle</span><span class=""country"">Netherlands</span><span class=""website"">https://thecastlemap.com/castles/hackfort-vorden/</span></div>",140,demo-map-dot-distribution
Q2800737,Castle Egmond,ruin,Netherlands,52.6222,4.65371,https://thecastlemap.com/castles/castle-egmond/,"<div class=""tooltip""><span class=""location-name"">Castle Egmond</span><span class=""primary-group-value"">ruin</span><span class=""country"">Netherlands</span><span class=""year"">1150.0</span><span class=""century"">12th century</span><span class=""website"">https://thecastlemap.com/castles/castle-egmond/</span></div>",141,demo-map-dot-distribution
Q2800964,Fort bij IJmuiden,fortress,Netherlands,52.46472000000001,4.57639,https://thecastlemap.com/castles/fort-bij-ijmuiden/,"<div class=""tooltip""><span class=""location-name"">Fort bij IJmuiden</span><span class=""primary-group-value"">fortress</span><span class=""country"">Netherlands</span><span class=""year"">1881.0</span><span class=""century"">19th century</span><span class=""website"">https://thecastlemap.com/castles/fort-bij-ijmuiden/</span></div>",142,demo-map-dot-distribution
Q2801139,Nieuwendoorn,ruin,Netherlands,52.73556000000001,4.7108300000000005,https://thecastlemap.com/castles/nieuwendoorn/,"<div class=""tooltip""><span class=""location-name"">Nieuwendoorn</span><span class=""primary-group-value"">ruin</span><span class=""country"">Netherlands</span><span class=""year"">1288.0</span><span class=""century"">13th century</span><span class=""website"">https://thecastlemap.com/castles/nieuwendoorn/</span></div>",143,demo-map-dot-distribution
Q2845894,Motte Montferland,castle,Netherlands,51.895810000000004,6.242360000000001,https://thecastlemap.com/castles/motte-montferland/,"<div class=""tooltip""><span class=""location-name"">Motte Montferland</span><span class=""primary-group-value"">castle</span><span class=""country"">Netherlands</span><span class=""website"">https://thecastlemap.com/castles/motte-montferland/</span></div>",144,demo-map-dot-distribution
Q2862994,Kasteel Groeneveld (Baarn),castle,Netherlands,52.21833,5.255,https://thecastlemap.com/castles/kasteel-groeneveld-baarn/,"<div class=""tooltip""><span class=""location-name"">Kasteel Groeneveld (Baarn)</span><span class=""primary-group-value"">castle</span><span class=""country"">Netherlands</span><span class=""website"">https://thecastlemap.com/castles/kasteel-groeneveld-baarn/</span></div>",145,demo-map-dot-distribution
Q2866483,Wierickerschans,castle,Netherlands,52.08167,4.78333,https://thecastlemap.com/castles/wierickerschans/,"<div class=""tooltip""><span class=""location-name"">Wierickerschans</span><span class=""primary-group-value"">castle</span><span class=""country"">Netherlands</span><span class=""year"">1673.0</span><span class=""century"">17th century</span><span class=""website"">https://thecastlemap.com/castles/wierickerschans/</span></div>",146,demo-map-dot-distribution
Q2876382,Kasteel van Sint-Maartensdijk,ruin,Netherlands,51.552310000000006,4.07721,https://thecastlemap.com/castles/kasteel-van-sint-maartensdijk/,"<div class=""tooltip""><span class=""location-name"">Kasteel van Sint-Maartensdijk</span><span class=""primary-group-value"">ruin</span><span class=""country"">Netherlands</span><span class=""year"">1350.0</span><span class=""century"">14th century</span><span class=""website"">https://thecastlemap.com/castles/kasteel-van-sint-maartensdijk/</span></div>",147,demo-map-dot-distribution
Q2951084,Slot Zeist,castle,Netherlands,52.078610000000005,5.23444,https://thecastlemap.com/castles/slot-zeist/,"<div class=""tooltip""><span class=""location-name"">Slot Zeist</span><span class=""primary-group-value"">castle</span><span class=""country"">Netherlands</span><span class=""year"">1650.0</span><span class=""century"">17th century</span><span class=""website"">https://thecastlemap.com/castles/slot-zeist/</span></div>",148,demo-map-dot-distribution
Q2987589,Huis Bijma,castle,Netherlands,53.23008,6.377510000000001,https://thecastlemap.com/castles/huis-bijma/,"<div class=""tooltip""><span class=""location-name"">Huis Bijma</span><span class=""primary-group-value"">castle</span><span class=""country"">Netherlands</span><span class=""website"">https://thecastlemap.com/castles/huis-bijma/</span></div>",149,demo-map-dot-distribution
Q3206226,Ter Worm Castle,castle,Netherlands,50.88944000000001,5.94972,https://thecastlemap.com/castles/ter-worm-castle/,"<div class=""tooltip""><span class=""location-name"">Ter Worm Castle</span><span class=""primary-group-value"">castle</span><span class=""country"">Netherlands</span><span class=""year"">1650.0</span><span class=""century"">17th century</span><span class=""website"">https://thecastlemap.com/castles/ter-worm-castle/</span></div>",150,demo-map-dot-distribution
Q3282088,Fort Blauwkapel,fortress,Netherlands,52.115930000000006,5.1384300000000005,https://thecastlemap.com/castles/fort-blauwkapel/,"<div class=""tooltip""><span class=""location-name"">Fort Blauwkapel</span><span class=""primary-group-value"">fortress</span><span class=""country"">Netherlands</span><span class=""website"">https://thecastlemap.com/castles/fort-blauwkapel/</span></div>",151,demo-map-dot-distribution
Q3316628,Saint Peter Fort,fortress,Netherlands,50.83612,5.684080000000001,https://thecastlemap.com/castles/saint-peter-fort/,"<div class=""tooltip""><span class=""location-name"">Saint Peter Fort</span><span class=""primary-group-value"">fortress</span><span class=""country"">Netherlands</span><span class=""website"">https://thecastlemap.com/castles/saint-peter-fort/</span></div>",152,demo-map-dot-distribution
Q3344264,Crackstate,castle,Netherlands,52.961110000000005,5.92194,https://thecastlemap.com/castles/crackstate/,"<div class=""tooltip""><span class=""location-name"">Crackstate</span><span class=""primary-group-value"">castle</span><span class=""country"">Netherlands</span><span class=""year"">1648.0</span><span class=""century"">17th century</span><span class=""website"">https://thecastlemap.com/castles/crackstate/</span></div>",153,demo-map-dot-distribution
Q3412116,Huis Honselaarsdijk,palace,Netherlands,52.006280000000004,4.22454,https://thecastlemap.com/castles/huis-honselaarsdijk/,"<div class=""tooltip""><span class=""location-name"">Huis Honselaarsdijk</span><span class=""primary-group-value"">palace</span><span class=""country"">Netherlands</span><span class=""website"">https://thecastlemap.com/castles/huis-honselaarsdijk/</span></div>",154,demo-map-dot-distribution
Q3442744,Heukelum Castle,castle,Netherlands,51.87819,5.090280000000001,https://thecastlemap.com/castles/heukelum-castle/,"<div class=""tooltip""><span class=""location-name"">Heukelum Castle</span><span class=""primary-group-value"">castle</span><span class=""country"">Netherlands</span><span class=""year"">1250.0</span><span class=""century"">13th century</span><span class=""website"">https://thecastlemap.com/castles/heukelum-castle/</span></div>",155,demo-map-dot-distribution
Q3514531,Castle Millen,ruin,Netherlands,51.024930000000005,5.875360000000001,https://thecastlemap.com/castles/castle-millen/,"<div class=""tooltip""><span class=""location-name"">Castle Millen</span><span class=""primary-group-value"">ruin</span><span class=""country"">Netherlands</span><span class=""year"">1350.0</span><span class=""century"">14th century</span><span class=""website"">https://thecastlemap.com/castles/castle-millen/</span></div>",156,demo-map-dot-distribution
Q3520358,Ennemaborg,castle,Netherlands,53.192220000000006,6.99917,https://thecastlemap.com/castles/ennemaborg/,"<div class=""tooltip""><span class=""location-name"">Ennemaborg</span><span class=""primary-group-value"">castle</span><span class=""country"">Netherlands</span><span class=""year"">1750.0</span><span class=""century"">18th century</span><span class=""website"">https://thecastlemap.com/castles/ennemaborg/</span></div>",157,demo-map-dot-distribution
Q3544183,Coevorden Castle,castle,Netherlands,52.662490000000005,6.741280000000001,https://thecastlemap.com/castles/coevorden-castle/,"<div class=""tooltip""><span class=""location-name"">Coevorden Castle</span><span class=""primary-group-value"">castle</span><span class=""country"">Netherlands</span><span class=""year"">1024.0</span><span class=""century"">11th century</span><span class=""website"">https://thecastlemap.com/castles/coevorden-castle/</span></div>",158,demo-map-dot-distribution
Q3916348,Château St. Gerlach,castle,Netherlands,50.86972,5.79889,https://thecastlemap.com/castles/chateau-st-gerlach/,"<div class=""tooltip""><span class=""location-name"">Château St. Gerlach</span><span class=""primary-group-value"">castle</span><span class=""country"">Netherlands</span><span class=""website"">https://thecastlemap.com/castles/chateau-st-gerlach/</span></div>",159,demo-map-dot-distribution
Q3917569,Montfort Castle (Limbourg),ruin,Netherlands,51.12444000000001,5.941940000000001,https://thecastlemap.com/castles/montfort-castle-q3917569/,"<div class=""tooltip""><span class=""location-name"">Montfort Castle (Limbourg)</span><span class=""primary-group-value"">ruin</span><span class=""country"">Netherlands</span><span class=""year"">1260.0</span><span class=""century"">13th century</span><span class=""website"">https://thecastlemap.com/castles/montfort-castle-q3917569/</span></div>",160,demo-map-dot-distribution
Q3972052,Jansgeleen Castle,castle,Netherlands,50.947500000000005,5.839720000000001,https://thecastlemap.com/castles/jansgeleen-castle/,"<div class=""tooltip""><span class=""location-name"">Jansgeleen Castle</span><span class=""primary-group-value"">castle</span><span class=""country"">Netherlands</span><span class=""website"">https://thecastlemap.com/castles/jansgeleen-castle/</span></div>",161,demo-map-dot-distribution
Q4319680,Rivieren Castle,castle,Netherlands,50.897220000000004,5.924440000000001,https://thecastlemap.com/castles/rivieren-castle-nl/,"<div class=""tooltip""><span class=""location-name"">Rivieren Castle</span><span class=""primary-group-value"">castle</span><span class=""country"">Netherlands</span><span class=""year"">1364.0</span><span class=""century"">14th century</span><span class=""website"">https://thecastlemap.com/castles/rivieren-castle-nl/</span></div>",162,demo-map-dot-distribution
Q4322946,Hernen Castle,castle,Netherlands,51.8346,5.6763,https://thecastlemap.com/castles/hernen-castle/,"<div class=""tooltip""><span class=""location-name"">Hernen Castle</span><span class=""primary-group-value"">castle</span><span class=""country"">Netherlands</span><span class=""year"">1350.0</span><span class=""century"">14th century</span><span class=""website"">https://thecastlemap.com/castles/hernen-castle/</span></div>",163,demo-map-dot-distribution
Q4331494,Johannietershuis,castle,Netherlands,53.03237000000001,5.6580200000000005,https://thecastlemap.com/castles/johannietershuis/,"<div class=""tooltip""><span class=""location-name"">Johannietershuis</span><span class=""primary-group-value"">castle</span><span class=""country"">Netherlands</span><span class=""website"">https://thecastlemap.com/castles/johannietershuis/</span></div>",164,demo-map-dot-distribution
Q4823340,Fort de Roovere,fortress,Netherlands,51.52908000000001,4.299740000000001,https://thecastlemap.com/castles/fort-de-roovere/,"<div class=""tooltip""><span class=""location-name"">Fort de Roovere</span><span class=""primary-group-value"">fortress</span><span class=""country"">Netherlands</span><span class=""website"">https://thecastlemap.com/castles/fort-de-roovere/</span></div>",165,demo-map-dot-distribution
Q4966087,Kasteel Voorst,castle,Netherlands,52.51917,6.04889,https://thecastlemap.com/castles/kasteel-voorst/,"<div class=""tooltip""><span class=""location-name"">Kasteel Voorst</span><span class=""primary-group-value"">castle</span><span class=""country"">Netherlands</span><span class=""website"">https://thecastlemap.com/castles/kasteel-voorst/</span></div>",166,demo-map-dot-distribution
Q4989654,Kasteel Huize Ruurlo,castle,Netherlands,52.078860000000006,6.44505,https://thecastlemap.com/castles/kasteel-huize-ruurlo/,"<div class=""tooltip""><span class=""location-name"">Kasteel Huize Ruurlo</span><span class=""primary-group-value"">castle</span><span class=""country"">Netherlands</span><span class=""year"">1350.0</span><span class=""century"">14th century</span><span class=""website"">https://thecastlemap.com/castles/kasteel-huize-ruurlo/</span></div>",167,demo-map-dot-distribution
Q5203165,"D'Oliphant",castle,Netherlands,51.88306000000001,4.47,https://thecastlemap.com/castles/d-oliphant/,"<div class=""tooltip""><span class=""location-name"">D'Oliphant</span><span class=""primary-group-value"">castle</span><span class=""country"">Netherlands</span><span class=""year"">1591.0</span><span class=""century"">16th century</span><span class=""website"">https://thecastlemap.com/castles/d-oliphant/</span></div>",168,demo-map-dot-distribution
Q5470838,Fort Bourtange,fortress,Netherlands,53.006,7.192,https://thecastlemap.com/castles/bourtange-fortress/,"<div class=""tooltip""><span class=""location-name"">Fort Bourtange</span><span class=""primary-group-value"">fortress</span><span class=""country"">Netherlands</span><span class=""year"">1593.0</span><span class=""century"">16th century</span><span class=""website"">https://thecastlemap.com/castles/bourtange-fortress/</span></div>",169,demo-map-dot-distribution
Q6485158,Landsfort Herle,castle,Netherlands,50.88778000000001,5.9802800000000005,https://thecastlemap.com/castles/landsfort-herle/,"<div class=""tooltip""><span class=""location-name"">Landsfort Herle</span><span class=""primary-group-value"">castle</span><span class=""country"">Netherlands</span><span class=""year"">1244.0</span><span class=""century"">13th century</span><span class=""website"">https://thecastlemap.com/castles/landsfort-herle/</span></div>",170,demo-map-dot-distribution
Q7094566,Onstaborg (Sauwerd),castle,Netherlands,53.294900000000005,6.5312,https://thecastlemap.com/castles/onstaborg-nl/,"<div class=""tooltip""><span class=""location-name"">Onstaborg (Sauwerd)</span><span class=""primary-group-value"">castle</span><span class=""country"">Netherlands</span><span class=""year"">1325.0</span><span class=""century"">14th century</span><span class=""website"">https://thecastlemap.com/castles/onstaborg-nl/</span></div>",171,demo-map-dot-distribution
Q7476033,Kasteel Helmond,castle,Netherlands,51.476940000000006,5.652780000000001,https://thecastlemap.com/castles/kasteel-helmond/,"<div class=""tooltip""><span class=""location-name"">Kasteel Helmond</span><span class=""primary-group-value"">castle</span><span class=""country"">Netherlands</span><span class=""year"">1325.0</span><span class=""century"">14th century</span><span class=""website"">https://thecastlemap.com/castles/kasteel-helmond/</span></div>",172,demo-map-dot-distribution
Q7477520,Liauckama State,castle,Netherlands,53.220870000000005,5.47632,https://thecastlemap.com/castles/liauckama-state/,"<div class=""tooltip""><span class=""location-name"">Liauckama State</span><span class=""primary-group-value"">castle</span><span class=""country"">Netherlands</span><span class=""website"">https://thecastlemap.com/castles/liauckama-state/</span></div>",173,demo-map-dot-distribution
Q11171626,Amstenrade Castle,castle,Netherlands,50.94,5.92583,https://thecastlemap.com/castles/amstenrade-castle/,"<div class=""tooltip""><span class=""location-name"">Amstenrade Castle</span><span class=""primary-group-value"">castle</span><span class=""country"">Netherlands</span><span class=""year"">1750.0</span><span class=""century"">18th century</span><span class=""website"">https://thecastlemap.com/castles/amstenrade-castle/</span></div>",174,demo-map-dot-distribution
Q11721778,Kasteel Rechteren,castle,Netherlands,52.49779,6.2891200000000005,https://thecastlemap.com/castles/kasteel-rechteren/,"<div class=""tooltip""><span class=""location-name"">Kasteel Rechteren</span><span class=""primary-group-value"">castle</span><span class=""country"">Netherlands</span><span class=""year"">1190.0</span><span class=""century"">12th century</span><span class=""website"">https://thecastlemap.com/castles/kasteel-rechteren/</span></div>",175,demo-map-dot-distribution
Q11721992,Groot Poelgeest,ruin,Netherlands,52.13299000000001,4.59426,https://thecastlemap.com/castles/groot-poelgeest/,"<div class=""tooltip""><span class=""location-name"">Groot Poelgeest</span><span class=""primary-group-value"">ruin</span><span class=""country"">Netherlands</span><span class=""year"">1200.0</span><span class=""century"">12th century</span><span class=""website"">https://thecastlemap.com/castles/groot-poelgeest/</span></div>",176,demo-map-dot-distribution
Q12013465,Trompenburgh,palace,Netherlands,52.23194,5.123060000000001,https://thecastlemap.com/castles/trompenburgh/,"<div class=""tooltip""><span class=""location-name"">Trompenburgh</span><span class=""primary-group-value"">palace</span><span class=""country"">Netherlands</span><span class=""year"">1672.0</span><span class=""century"">17th century</span><span class=""website"">https://thecastlemap.com/castles/trompenburgh/</span></div>",177,demo-map-dot-distribution
Q13135007,Camminghaslot,castle,Netherlands,53.44155000000001,5.687620000000001,https://thecastlemap.com/castles/camminghaslot/,"<div class=""tooltip""><span class=""location-name"">Camminghaslot</span><span class=""primary-group-value"">castle</span><span class=""country"">Netherlands</span><span class=""year"">1425.0</span><span class=""century"">15th century</span><span class=""website"">https://thecastlemap.com/castles/camminghaslot/</span></div>",178,demo-map-dot-distribution
Q14852070,Kasteel Groot Engelenburg,castle,Netherlands,52.090270000000004,6.13475,https://thecastlemap.com/castles/kasteel-groot-engelenburg/,"<div class=""tooltip""><span class=""location-name"">Kasteel Groot Engelenburg</span><span class=""primary-group-value"">castle</span><span class=""country"">Netherlands</span><span class=""website"">https://thecastlemap.com/castles/kasteel-groot-engelenburg/</span></div>",179,demo-map-dot-distribution
Q15635996,Huys te Warmont,castle,Netherlands,52.202940000000005,4.512720000000001,https://thecastlemap.com/castles/huys-te-warmont/,"<div class=""tooltip""><span class=""location-name"">Huys te Warmont</span><span class=""primary-group-value"">castle</span><span class=""country"">Netherlands</span><span class=""year"">1300.0</span><span class=""century"">13th century</span><span class=""website"">https://thecastlemap.com/castles/huys-te-warmont/</span></div>",180,demo-map-dot-distribution
Q15877351,Polanen Castle,ruin,Netherlands,52.030680000000004,4.19606,https://thecastlemap.com/castles/polanen-castle/,"<div class=""tooltip""><span class=""location-name"">Polanen Castle</span><span class=""primary-group-value"">ruin</span><span class=""country"">Netherlands</span><span class=""year"">1300.0</span><span class=""century"">13th century</span><span class=""website"">https://thecastlemap.com/castles/polanen-castle/</span></div>",181,demo-map-dot-distribution
Q17371198,Fort Crèvecoeur,fortress,Netherlands,51.736670000000004,5.26667,https://thecastlemap.com/castles/fort-crevecoeur/,"<div class=""tooltip""><span class=""location-name"">Fort Crèvecoeur</span><span class=""primary-group-value"">fortress</span><span class=""country"">Netherlands</span><span class=""website"">https://thecastlemap.com/castles/fort-crevecoeur/</span></div>",182,demo-map-dot-distribution
Q17400222,Heel Castle,castle,Netherlands,51.175250000000005,5.895320000000001,https://thecastlemap.com/castles/heel-castle/,"<div class=""tooltip""><span class=""location-name"">Heel Castle</span><span class=""primary-group-value"">castle</span><span class=""country"">Netherlands</span><span class=""year"">1700.0</span><span class=""century"">17th century</span><span class=""website"">https://thecastlemap.com/castles/heel-castle/</span></div>",183,demo-map-dot-distribution
Q17430627,Daelenbroeck Castle,castle,Netherlands,51.15035,6.074280000000001,https://thecastlemap.com/castles/daelenbroeck-castle/,"<div class=""tooltip""><span class=""location-name"">Daelenbroeck Castle</span><span class=""primary-group-value"">castle</span><span class=""country"">Netherlands</span><span class=""website"">https://thecastlemap.com/castles/daelenbroeck-castle/</span></div>",184,demo-map-dot-distribution
Q17438202,Kasteel Endegeest,castle,Netherlands,52.172470000000004,4.46318,https://thecastlemap.com/castles/kasteel-endegeest/,"<div class=""tooltip""><span class=""location-name"">Kasteel Endegeest</span><span class=""primary-group-value"">castle</span><span class=""country"">Netherlands</span><span class=""year"">1400.0</span><span class=""century"">14th century</span><span class=""website"">https://thecastlemap.com/castles/kasteel-endegeest/</span></div>",185,demo-map-dot-distribution
Q17447452,Fort Uitermeer,fortress,Netherlands,52.293060000000004,5.0825000000000005,https://thecastlemap.com/castles/fort-uitermeer/,"<div class=""tooltip""><span class=""location-name"">Fort Uitermeer</span><span class=""primary-group-value"">fortress</span><span class=""country"">Netherlands</span><span class=""website"">https://thecastlemap.com/castles/fort-uitermeer/</span></div>",186,demo-map-dot-distribution
Q17605261,Castle Huis Bergh,castle,Netherlands,51.87431,6.2411200000000004,https://thecastlemap.com/castles/castle-huis-bergh/,"<div class=""tooltip""><span class=""location-name"">Castle Huis Bergh</span><span class=""primary-group-value"">castle</span><span class=""country"">Netherlands</span><span class=""year"">1227.0</span><span class=""century"">13th century</span><span class=""website"">https://thecastlemap.com/castles/castle-huis-bergh/</span></div>",187,demo-map-dot-distribution
Q18055826,City walls of Valkenburg,castle,Netherlands,50.864200000000004,5.830660000000001,https://thecastlemap.com/castles/city-walls-of-valkenburg/,"<div class=""tooltip""><span class=""location-name"">City walls of Valkenburg</span><span class=""primary-group-value"">castle</span><span class=""country"">Netherlands</span><span class=""website"">https://thecastlemap.com/castles/city-walls-of-valkenburg/</span></div>",188,demo-map-dot-distribution
Q18767389,Hillenraad Castle,castle,Netherlands,51.221090000000004,6.035590000000001,https://thecastlemap.com/castles/hillenraad-castle/,"<div class=""tooltip""><span class=""location-name"">Hillenraad Castle</span><span class=""primary-group-value"">castle</span><span class=""country"">Netherlands</span><span class=""year"">1350.0</span><span class=""century"">14th century</span><span class=""website"">https://thecastlemap.com/castles/hillenraad-castle/</span></div>",189,demo-map-dot-distribution
Q18767588,Eijsden Castle,castle,Netherlands,50.773610000000005,5.69972,https://thecastlemap.com/castles/eijsden-castle/,"<div class=""tooltip""><span class=""location-name"">Eijsden Castle</span><span class=""primary-group-value"">castle</span><span class=""country"">Netherlands</span><span class=""year"">1637.0</span><span class=""century"">17th century</span><span class=""website"">https://thecastlemap.com/castles/eijsden-castle/</span></div>",190,demo-map-dot-distribution
Q18768074,Vaeshartelt Castle,castle,Netherlands,50.87932000000001,5.72588,https://thecastlemap.com/castles/vaeshartelt-castle/,"<div class=""tooltip""><span class=""location-name"">Vaeshartelt Castle</span><span class=""primary-group-value"">castle</span><span class=""country"">Netherlands</span><span class=""year"">1739.0</span><span class=""century"">18th century</span><span class=""website"">https://thecastlemap.com/castles/vaeshartelt-castle/</span></div>",191,demo-map-dot-distribution
Q18770699,Fort De Gagel,fortress,Netherlands,52.12953,5.102550000000001,https://thecastlemap.com/castles/fort-de-gagel/,"<div class=""tooltip""><span class=""location-name"">Fort De Gagel</span><span class=""primary-group-value"">fortress</span><span class=""country"">Netherlands</span><span class=""website"">https://thecastlemap.com/castles/fort-de-gagel/</span></div>",192,demo-map-dot-distribution
Q18771243,Oud Poelgeest,castle,Netherlands,52.179610000000004,4.485,https://thecastlemap.com/castles/oud-poelgeest/,"<div class=""tooltip""><span class=""location-name"">Oud Poelgeest</span><span class=""primary-group-value"">castle</span><span class=""country"">Netherlands</span><span class=""year"">1668.0</span><span class=""century"">17th century</span><span class=""website"">https://thecastlemap.com/castles/oud-poelgeest/</span></div>",193,demo-map-dot-distribution
Q18775928,Vechten Fort,fortress,Netherlands,52.05861,5.16833,https://thecastlemap.com/castles/vechten-fort/,"<div class=""tooltip""><span class=""location-name"">Vechten Fort</span><span class=""primary-group-value"">fortress</span><span class=""country"">Netherlands</span><span class=""website"">https://thecastlemap.com/castles/vechten-fort/</span></div>",194,demo-map-dot-distribution
Q22015138,Slot Spangen,castle,Netherlands,51.927330000000005,4.42523,https://thecastlemap.com/castles/slot-spangen/,"<div class=""tooltip""><span class=""location-name"">Slot Spangen</span><span class=""primary-group-value"">castle</span><span class=""country"">Netherlands</span><span class=""website"">https://thecastlemap.com/castles/slot-spangen/</span></div>",195,demo-map-dot-distribution
Q22572419,Blauwe Toren,ruin,Netherlands,51.82694000000001,4.97417,https://thecastlemap.com/castles/blauwe-toren/,"<div class=""tooltip""><span class=""location-name"">Blauwe Toren</span><span class=""primary-group-value"">ruin</span><span class=""country"">Netherlands</span><span class=""website"">https://thecastlemap.com/castles/blauwe-toren/</span></div>",196,demo-map-dot-distribution
Q58879933,Tolhuis,castle,Netherlands,51.85933000000001,6.12258,https://thecastlemap.com/castles/tolhuis/,"<div class=""tooltip""><span class=""location-name"">Tolhuis</span><span class=""primary-group-value"">castle</span><span class=""country"">Netherlands</span><span class=""website"">https://thecastlemap.com/castles/tolhuis/</span></div>",197,demo-map-dot-distribution
Q110259491,Fort Amsterdam (Sint Eustatius),ruin,Netherlands,17.486310000000003,-62.992580000000004,https://thecastlemap.com/castles/fort-amsterdam-q110259491/,"<div class=""tooltip""><span class=""location-name"">Fort Amsterdam (Sint Eustatius)</span><span class=""primary-group-value"">ruin</span><span class=""country"">Netherlands</span><span class=""year"">1724.0</span><span class=""century"">18th century</span><span class=""website"">https://thecastlemap.com/castles/fort-amsterdam-q110259491/</span></div>",198,demo-map-dot-distribution
Q124656217,Schonenburg,castle,Netherlands,51.886810000000004,4.72353,https://thecastlemap.com/castles/schonenburg/,"<div class=""tooltip""><span class=""location-name"">Schonenburg</span><span class=""primary-group-value"">castle</span><span class=""country"">Netherlands</span><span class=""website"">https://thecastlemap.com/castles/schonenburg/</span></div>",199,demo-map-dot-distribution
Q125018164,Huis te Langerak,castle,Netherlands,51.93461000000001,4.87786,https://thecastlemap.com/castles/huis-te-langerak/,"<div class=""tooltip""><span class=""location-name"">Huis te Langerak</span><span class=""primary-group-value"">castle</span><span class=""country"">Netherlands</span><span class=""website"">https://thecastlemap.com/castles/huis-te-langerak/</span></div>",200,demo-map-dot-distribution
