id,x value,x label,y value,y label,primary group value,primary group label,secondary group value,secondary group label,fill color,stroke color,sort order,displayed in chart,mg_draft
chart-landmarks-by-century-0,11th,,5,,,,,,,,0,ColumnCharts-5e9b3dbb-6fdb-4e06-b103-06c1a5865b73,false
chart-landmarks-by-century-1,12th,,13,,,,,,,,1,ColumnCharts-5e9b3dbb-6fdb-4e06-b103-06c1a5865b73,false
chart-landmarks-by-century-2,13th,,35,,,,,,,,2,ColumnCharts-5e9b3dbb-6fdb-4e06-b103-06c1a5865b73,false
chart-landmarks-by-century-4,14th,,26,,,,,,,,3,ColumnCharts-5e9b3dbb-6fdb-4e06-b103-06c1a5865b73,false
chart-landmarks-by-century-5,15th,,10,,,,,,,,4,ColumnCharts-5e9b3dbb-6fdb-4e06-b103-06c1a5865b73,false
chart-landmarks-by-century-6,16th,,10,,,,,,,,5,ColumnCharts-5e9b3dbb-6fdb-4e06-b103-06c1a5865b73,false
chart-landmarks-by-century-7,17th,,24,,,,,,,,6,ColumnCharts-5e9b3dbb-6fdb-4e06-b103-06c1a5865b73,false
chart-landmarks-by-century-8,18th,,8,,,,,,,,7,ColumnCharts-5e9b3dbb-6fdb-4e06-b103-06c1a5865b73,false
chart-landmarks-by-century-9,19th,,15,,,,,,,,8,ColumnCharts-5e9b3dbb-6fdb-4e06-b103-06c1a5865b73,false
chart-landmarks-by-century-10,20th,,0,,,,,,,,9,ColumnCharts-5e9b3dbb-6fdb-4e06-b103-06c1a5865b73,false
chart-landmarks-by-century-11,21st,,0,,,,,,,,10,ColumnCharts-5e9b3dbb-6fdb-4e06-b103-06c1a5865b73,false
